data,ultima_atualizacao,municipio,codigo,mesorregiao,microrregiao,confirmadosAcumulados,mortesAcumuladas
2020-06-02,True,Água Branca,2500106,SERTAO PARAIBANO,SERRA DO TEIXEIRA,3,1
2020-06-02,True,Aguiar,2500205,SERTAO PARAIBANO,PIANCO,1,0
2020-06-02,True,Alagoa Grande,2500304,AGRESTE PARAIBANO,BREJO PARAIBANO,87,1
2020-06-02,True,Alagoa Nova,2500403,AGRESTE PARAIBANO,BREJO PARAIBANO,38,1
2020-06-02,True,Alagoinha,2500502,AGRESTE PARAIBANO,GUARABIRA,113,0
2020-06-02,True,Alcantil,2500536,BORBOREMA,CARIRI ORIENTAL,4,0
2020-06-02,True,Algodão de Jandaíra,2500577,AGRESTE PARAIBANO,CURIMATAU OCIDENTAL,0,0
2020-06-02,True,Alhandra,2500601,MATA PARAIBANA,LITORAL SUL,144,4
2020-06-02,True,Amparo,2500734,BORBOREMA,CARIRI OCIDENTAL,12,0
2020-06-02,True,Aparecida,2500775,SERTAO PARAIBANO,SOUSA,8,0
2020-06-02,True,Araçagi,2500809,AGRESTE PARAIBANO,GUARABIRA,29,0
2020-06-02,True,Arara,2500908,AGRESTE PARAIBANO,CURIMATAU OCIDENTAL,17,0
2020-06-02,True,Araruna,2501005,AGRESTE PARAIBANO,CURIMATAU ORIENTAL,3,0
2020-06-02,True,Areia,2501104,AGRESTE PARAIBANO,BREJO PARAIBANO,57,1
2020-06-02,True,Areia de Baraúnas,2501153,SERTAO PARAIBANO,PATOS,1,0
2020-06-02,True,Areial,2501203,AGRESTE PARAIBANO,ESPERANCA,12,0
2020-06-02,True,Aroeiras,2501302,AGRESTE PARAIBANO,UMBUZEIRO,25,0
2020-06-02,True,Assunção,2501351,BORBOREMA,CARIRI OCIDENTAL,14,0
2020-06-02,True,Baía da Traição,2501401,MATA PARAIBANA,LITORAL NORTE,45,1
2020-06-02,True,Bananeiras,2501500,AGRESTE PARAIBANO,BREJO PARAIBANO,26,0
2020-06-02,True,Baraúna,2501534,BORBOREMA,SERIDO ORIENTAL PARAIBANO,27,0
2020-06-02,True,Barra de Santana,2501575,BORBOREMA,CARIRI ORIENTAL,18,0
2020-06-02,True,Barra de Santa Rosa,2501609,AGRESTE PARAIBANO,CURIMATAU OCIDENTAL,5,0
2020-06-02,True,Barra de São Miguel,2501708,BORBOREMA,CARIRI ORIENTAL,3,1
2020-06-02,True,Bayeux,2501807,MATA PARAIBANA,JOAO PESSOA,346,21
2020-06-02,True,Belém,2501906,AGRESTE PARAIBANO,GUARABIRA,40,0
2020-06-02,True,Belém do Brejo do Cruz,2502003,SERTAO PARAIBANO,CATOLE DO ROCHA,2,0
2020-06-02,True,Bernardino Batista,2502052,SERTAO PARAIBANO,CAJAZEIRAS,0,0
2020-06-02,True,Boa Ventura,2502102,SERTAO PARAIBANO,ITAPORANGA,1,0
2020-06-02,True,Boa Vista,2502151,AGRESTE PARAIBANO,CAMPINA GRANDE,31,0
2020-06-02,True,Bom Jesus,2502201,SERTAO PARAIBANO,CAJAZEIRAS,1,0
2020-06-02,True,Bom Sucesso,2502300,SERTAO PARAIBANO,CATOLE DO ROCHA,0,0
2020-06-02,True,Bonito de Santa Fé,2502409,SERTAO PARAIBANO,CAJAZEIRAS,1,0
2020-06-02,True,Boqueirão,2502508,BORBOREMA,CARIRI ORIENTAL,28,1
2020-06-02,True,Borborema,2502706,AGRESTE PARAIBANO,BREJO PARAIBANO,1,0
2020-06-02,True,Brejo do Cruz,2502805,SERTAO PARAIBANO,CATOLE DO ROCHA,4,1
2020-06-02,True,Brejo dos Santos,2502904,SERTAO PARAIBANO,CATOLE DO ROCHA,0,0
2020-06-02,True,Caaporã,2503001,MATA PARAIBANA,LITORAL SUL,392,6
2020-06-02,True,Cabaceiras,2503100,BORBOREMA,CARIRI ORIENTAL,1,0
2020-06-02,True,Cabedelo,2503209,MATA PARAIBANA,JOAO PESSOA,860,8
2020-06-02,True,Cachoeira dos Índios,2503308,SERTAO PARAIBANO,CAJAZEIRAS,7,1
2020-06-02,True,Cacimba de Areia,2503407,SERTAO PARAIBANO,PATOS,1,0
2020-06-02,True,Cacimba de Dentro,2503506,AGRESTE PARAIBANO,CURIMATAU ORIENTAL,27,0
2020-06-02,True,Cacimbas,2503555,SERTAO PARAIBANO,SERRA DO TEIXEIRA,2,0
2020-06-02,True,Caiçara,2503605,AGRESTE PARAIBANO,GUARABIRA,28,1
2020-06-02,True,Cajazeiras,2503704,SERTAO PARAIBANO,CAJAZEIRAS,108,5
2020-06-02,True,Cajazeirinhas,2503753,SERTAO PARAIBANO,SOUSA,1,0
2020-06-02,True,Caldas Brandão,2503803,AGRESTE PARAIBANO,ITABAIANA,17,0
2020-06-02,True,Camalaú,2503902,BORBOREMA,CARIRI OCIDENTAL,0,0
2020-06-02,True,Campina Grande,2504009,AGRESTE PARAIBANO,CAMPINA GRANDE,1679,24
2020-06-02,True,Capim,2504033,MATA PARAIBANA,LITORAL NORTE,39,1
2020-06-02,True,Caraúbas,2504074,BORBOREMA,CARIRI ORIENTAL,0,0
2020-06-02,True,Carrapateira,2504108,SERTAO PARAIBANO,CAJAZEIRAS,1,0
2020-06-02,True,Casserengue,2504157,AGRESTE PARAIBANO,CURIMATAU ORIENTAL,8,0
2020-06-02,True,Catingueira,2504207,SERTAO PARAIBANO,PIANCO,5,0
2020-06-02,True,Catolé do Rocha,2504306,SERTAO PARAIBANO,CATOLE DO ROCHA,52,2
2020-06-02,True,Caturité,2504355,BORBOREMA,CARIRI ORIENTAL,15,0
2020-06-02,True,Conceição,2504405,SERTAO PARAIBANO,ITAPORANGA,5,0
2020-06-02,True,Condado,2504504,SERTAO PARAIBANO,SOUSA,39,0
2020-06-02,True,Conde,2504603,MATA PARAIBANA,JOAO PESSOA,102,2
2020-06-02,True,Congo,2504702,BORBOREMA,CARIRI OCIDENTAL,11,1
2020-06-02,True,Coremas,2504801,SERTAO PARAIBANO,PIANCO,17,0
2020-06-02,True,Coxixola,2504850,BORBOREMA,CARIRI OCIDENTAL,7,0
2020-06-02,True,Cruz do Espírito Santo,2504900,MATA PARAIBANA,SAPE,112,8
2020-06-02,True,Cubati,2505006,BORBOREMA,SERIDO ORIENTAL PARAIBANO,2,0
2020-06-02,True,Cuité,2505105,AGRESTE PARAIBANO,CURIMATAU OCIDENTAL,10,0
2020-06-02,True,Cuité de Mamanguape,2505238,MATA PARAIBANA,LITORAL NORTE,6,0
2020-06-02,True,Cuitegi,2505204,AGRESTE PARAIBANO,GUARABIRA,48,1
2020-06-02,True,Curral de Cima,2505279,MATA PARAIBANA,LITORAL NORTE,10,0
2020-06-02,True,Curral Velho,2505303,SERTAO PARAIBANO,ITAPORANGA,1,0
2020-06-02,True,Damião,2505352,AGRESTE PARAIBANO,CURIMATAU OCIDENTAL,1,0
2020-06-02,True,Desterro,2505402,SERTAO PARAIBANO,SERRA DO TEIXEIRA,10,0
2020-06-02,True,Diamante,2505600,SERTAO PARAIBANO,ITAPORANGA,0,0
2020-06-02,True,Dona Inês,2505709,AGRESTE PARAIBANO,CURIMATAU ORIENTAL,3,0
2020-06-02,True,Duas Estradas,2505808,AGRESTE PARAIBANO,GUARABIRA,23,0
2020-06-02,True,Emas,2505907,SERTAO PARAIBANO,PIANCO,1,0
2020-06-02,True,Esperança,2506004,AGRESTE PARAIBANO,ESPERANCA,58,0
2020-06-02,True,Fagundes,2506103,AGRESTE PARAIBANO,CAMPINA GRANDE,7,0
2020-06-02,True,Frei Martinho,2506202,BORBOREMA,SERIDO ORIENTAL PARAIBANO,0,0
2020-06-02,True,Gado Bravo,2506251,AGRESTE PARAIBANO,UMBUZEIRO,23,1
2020-06-02,True,Guarabira,2506301,AGRESTE PARAIBANO,GUARABIRA,631,4
2020-06-02,True,Gurinhém,2506400,AGRESTE PARAIBANO,ITABAIANA,40,0
2020-06-02,True,Gurjão,2506509,BORBOREMA,CARIRI ORIENTAL,15,1
2020-06-02,True,Ibiara,2506608,SERTAO PARAIBANO,ITAPORANGA,4,0
2020-06-02,True,Igaracy,2502607,SERTAO PARAIBANO,PIANCO,2,0
2020-06-02,True,Imaculada,2506707,SERTAO PARAIBANO,SERRA DO TEIXEIRA,8,0
2020-06-02,True,Ingá,2506806,AGRESTE PARAIBANO,ITABAIANA,77,0
2020-06-02,True,Itabaiana,2506905,AGRESTE PARAIBANO,ITABAIANA,212,2
2020-06-02,True,Itaporanga,2507002,SERTAO PARAIBANO,ITAPORANGA,3,1
2020-06-02,True,Itapororoca,2507101,MATA PARAIBANA,LITORAL NORTE,38,1
2020-06-02,True,Itatuba,2507200,AGRESTE PARAIBANO,ITABAIANA,47,1
2020-06-02,True,Jacaraú,2507309,MATA PARAIBANA,LITORAL NORTE,7,1
2020-06-02,True,Jericó,2507408,SERTAO PARAIBANO,CATOLE DO ROCHA,2,0
2020-06-02,True,João Pessoa,2507507,MATA PARAIBANA,JOAO PESSOA,4467,126
2020-06-02,True,Joca Claudino,2513653,SERTAO PARAIBANO,CAJAZEIRAS,1,0
2020-06-02,True,Juarez Távora,2507606,AGRESTE PARAIBANO,ITABAIANA,30,0
2020-06-02,True,Juazeirinho,2507705,BORBOREMA,SERIDO ORIENTAL PARAIBANO,54,0
2020-06-02,True,Junco do Seridó,2507804,BORBOREMA,SERIDO OCIDENTAL PARAIBANO,11,1
2020-06-02,True,Juripiranga,2507903,MATA PARAIBANA,SAPE,93,1
2020-06-02,True,Juru,2508000,SERTAO PARAIBANO,SERRA DO TEIXEIRA,4,0
2020-06-02,True,Lagoa,2508109,SERTAO PARAIBANO,CATOLE DO ROCHA,3,0
2020-06-02,True,Lagoa de Dentro,2508208,AGRESTE PARAIBANO,GUARABIRA,8,0
2020-06-02,True,Lagoa Seca,2508307,AGRESTE PARAIBANO,CAMPINA GRANDE,98,2
2020-06-02,True,Lastro,2508406,SERTAO PARAIBANO,SOUSA,1,0
2020-06-02,True,Livramento,2508505,BORBOREMA,CARIRI OCIDENTAL,0,0
2020-06-02,True,Logradouro,2508554,AGRESTE PARAIBANO,GUARABIRA,11,0
2020-06-02,True,Lucena,2508604,MATA PARAIBANA,JOAO PESSOA,59,1
2020-06-02,True,Mãe d'Água,2508703,SERTAO PARAIBANO,PATOS,3,0
2020-06-02,True,Malta,2508802,SERTAO PARAIBANO,SOUSA,14,0
2020-06-02,True,Mamanguape,2508901,MATA PARAIBANA,LITORAL NORTE,178,2
2020-06-02,True,Manaíra,2509008,SERTAO PARAIBANO,SERRA DO TEIXEIRA,2,0
2020-06-02,True,Marcação,2509057,MATA PARAIBANA,LITORAL NORTE,8,0
2020-06-02,True,Mari,2509107,MATA PARAIBANA,SAPE,120,3
2020-06-02,True,Marizópolis,2509156,SERTAO PARAIBANO,SOUSA,3,1
2020-06-02,True,Massaranduba,2509206,AGRESTE PARAIBANO,CAMPINA GRANDE,30,0
2020-06-02,True,Mataraca,2509305,MATA PARAIBANA,LITORAL NORTE,24,0
2020-06-02,True,Matinhas,2509339,AGRESTE PARAIBANO,BREJO PARAIBANO,18,0
2020-06-02,True,Mato Grosso,2509370,SERTAO PARAIBANO,CATOLE DO ROCHA,7,0
2020-06-02,True,Maturéia,2509396,SERTAO PARAIBANO,SERRA DO TEIXEIRA,11,0
2020-06-02,True,Mogeiro,2509404,AGRESTE PARAIBANO,ITABAIANA,5,1
2020-06-02,True,Montadas,2509503,AGRESTE PARAIBANO,ESPERANCA,10,0
2020-06-02,True,Monte Horebe,2509602,SERTAO PARAIBANO,CAJAZEIRAS,0,0
2020-06-02,True,Monteiro,2509701,BORBOREMA,CARIRI OCIDENTAL,30,0
2020-06-02,True,Mulungu,2509800,AGRESTE PARAIBANO,GUARABIRA,17,0
2020-06-02,True,Natuba,2509909,AGRESTE PARAIBANO,UMBUZEIRO,7,0
2020-06-02,True,Nazarezinho,2510006,SERTAO PARAIBANO,SOUSA,1,0
2020-06-02,True,Nova Floresta,2510105,AGRESTE PARAIBANO,CURIMATAU OCIDENTAL,1,0
2020-06-02,True,Nova Olinda,2510204,SERTAO PARAIBANO,PIANCO,2,0
2020-06-02,True,Nova Palmeira,2510303,BORBOREMA,SERIDO ORIENTAL PARAIBANO,3,0
2020-06-02,True,Olho d'Água,2510402,SERTAO PARAIBANO,PIANCO,13,0
2020-06-02,True,Olivedos,2510501,AGRESTE PARAIBANO,CURIMATAU OCIDENTAL,2,0
2020-06-02,True,Ouro Velho,2510600,BORBOREMA,CARIRI OCIDENTAL,1,0
2020-06-02,True,Parari,2510659,BORBOREMA,CARIRI OCIDENTAL,0,0
2020-06-02,True,Passagem,2510709,SERTAO PARAIBANO,PATOS,8,0
2020-06-02,True,Patos,2510808,SERTAO PARAIBANO,PATOS,610,23
2020-06-02,True,Paulista,2510907,SERTAO PARAIBANO,SOUSA,17,0
2020-06-02,True,Pedra Branca,2511004,SERTAO PARAIBANO,ITAPORANGA,0,0
2020-06-02,True,Pedra Lavrada,2511103,BORBOREMA,SERIDO ORIENTAL PARAIBANO,0,0
2020-06-02,True,Pedras de Fogo,2511202,MATA PARAIBANA,LITORAL SUL,279,4
2020-06-02,True,Pedro Régis,2512721,MATA PARAIBANA,LITORAL NORTE,1,0
2020-06-02,True,Piancó,2511301,SERTAO PARAIBANO,PIANCO,18,2
2020-06-02,True,Picuí,2511400,BORBOREMA,SERIDO ORIENTAL PARAIBANO,18,0
2020-06-02,True,Pilar,2511509,MATA PARAIBANA,SAPE,44,0
2020-06-02,True,Pilões,2511608,AGRESTE PARAIBANO,BREJO PARAIBANO,11,0
2020-06-02,True,Pilõezinhos,2511707,AGRESTE PARAIBANO,GUARABIRA,56,0
2020-06-02,True,Pirpirituba,2511806,AGRESTE PARAIBANO,GUARABIRA,21,0
2020-06-02,True,Pitimbu,2511905,MATA PARAIBANA,LITORAL SUL,119,3
2020-06-02,True,Pocinhos,2512002,AGRESTE PARAIBANO,CURIMATAU OCIDENTAL,10,0
2020-06-02,True,Poço Dantas,2512036,SERTAO PARAIBANO,CAJAZEIRAS,0,0
2020-06-02,True,Poço de José de Moura,2512077,SERTAO PARAIBANO,CAJAZEIRAS,0,0
2020-06-02,True,Pombal,2512101,SERTAO PARAIBANO,SOUSA,66,0
2020-06-02,True,Prata,2512200,BORBOREMA,CARIRI OCIDENTAL,0,0
2020-06-02,True,Princesa Isabel,2512309,SERTAO PARAIBANO,SERRA DO TEIXEIRA,12,0
2020-06-02,True,Puxinanã,2512408,AGRESTE PARAIBANO,CAMPINA GRANDE,38,0
2020-06-02,True,Queimadas,2512507,AGRESTE PARAIBANO,CAMPINA GRANDE,97,0
2020-06-02,True,Quixabá,2512606,SERTAO PARAIBANO,PATOS,6,0
2020-06-02,True,Remígio,2512705,AGRESTE PARAIBANO,CURIMATAU OCIDENTAL,45,2
2020-06-02,True,Riachão,2512747,AGRESTE PARAIBANO,CURIMATAU ORIENTAL,0,0
2020-06-02,True,Riachão do Bacamarte,2512754,AGRESTE PARAIBANO,ITABAIANA,106,0
2020-06-02,True,Riachão do Poço,2512762,MATA PARAIBANA,SAPE,5,1
2020-06-02,True,Riacho de Santo Antônio,2512788,BORBOREMA,CARIRI ORIENTAL,5,0
2020-06-02,True,Riacho dos Cavalos,2512804,SERTAO PARAIBANO,CATOLE DO ROCHA,2,0
2020-06-02,True,Rio Tinto,2512903,MATA PARAIBANA,LITORAL NORTE,57,1
2020-06-02,True,Salgadinho,2513000,BORBOREMA,SERIDO OCIDENTAL PARAIBANO,5,0
2020-06-02,True,Salgado de São Félix,2513109,AGRESTE PARAIBANO,ITABAIANA,29,0
2020-06-02,True,Santa Cecília,2513158,AGRESTE PARAIBANO,UMBUZEIRO,4,0
2020-06-02,True,Santa Cruz,2513208,SERTAO PARAIBANO,SOUSA,0,0
2020-06-02,True,Santa Helena,2513307,SERTAO PARAIBANO,CAJAZEIRAS,1,0
2020-06-02,True,Santa Inês,2513356,SERTAO PARAIBANO,ITAPORANGA,1,0
2020-06-02,True,Santa Luzia,2513406,BORBOREMA,SERIDO OCIDENTAL PARAIBANO,56,2
2020-06-02,True,Santa Rita,2513703,MATA PARAIBANA,JOAO PESSOA,632,65
2020-06-02,True,Santa Teresinha,2513802,SERTAO PARAIBANO,PATOS,16,0
2020-06-02,True,Santana de Mangueira,2513505,SERTAO PARAIBANO,ITAPORANGA,0,0
2020-06-02,True,Santana dos Garrotes,2513604,SERTAO PARAIBANO,PIANCO,1,0
2020-06-02,True,Santo André,2513851,BORBOREMA,CARIRI ORIENTAL,0,0
2020-06-02,True,São Bentinho,2513927,SERTAO PARAIBANO,SOUSA,10,0
2020-06-02,True,São Bento,2513901,SERTAO PARAIBANO,CATOLE DO ROCHA,145,5
2020-06-02,True,São Domingos de Pombal,2513968,SERTAO PARAIBANO,SOUSA,0,0
2020-06-02,True,São Domingos do Cariri,2513943,BORBOREMA,CARIRI ORIENTAL,0,0
2020-06-02,True,São Francisco,2513984,SERTAO PARAIBANO,SOUSA,3,0
2020-06-02,True,São João do Cariri,2514008,BORBOREMA,CARIRI ORIENTAL,9,0
2020-06-02,True,São João do Rio do Peixe,2500700,SERTAO PARAIBANO,CAJAZEIRAS,12,0
2020-06-02,True,São João do Tigre,2514107,BORBOREMA,CARIRI OCIDENTAL,1,0
2020-06-02,True,São José da Lagoa Tapada,2514206,SERTAO PARAIBANO,SOUSA,14,0
2020-06-02,True,São José de Caiana,2514305,SERTAO PARAIBANO,ITAPORANGA,14,0
2020-06-02,True,São José de Espinharas,2514404,SERTAO PARAIBANO,PATOS,3,0
2020-06-02,True,São José de Piranhas,2514503,SERTAO PARAIBANO,CAJAZEIRAS,5,1
2020-06-02,True,São José de Princesa,2514552,SERTAO PARAIBANO,SERRA DO TEIXEIRA,0,0
2020-06-02,True,São José do Bonfim,2514602,SERTAO PARAIBANO,PATOS,14,0
2020-06-02,True,São José do Brejo do Cruz,2514651,SERTAO PARAIBANO,CATOLE DO ROCHA,0,0
2020-06-02,True,São José do Sabugi,2514701,BORBOREMA,SERIDO OCIDENTAL PARAIBANO,65,0
2020-06-02,True,São José dos Cordeiros,2514800,BORBOREMA,CARIRI OCIDENTAL,3,0
2020-06-02,True,São José dos Ramos,2514453,MATA PARAIBANA,SAPE,12,0
2020-06-02,True,São Mamede,2514909,BORBOREMA,SERIDO OCIDENTAL PARAIBANO,13,1
2020-06-02,True,São Miguel de Taipu,2515005,MATA PARAIBANA,SAPE,28,1
2020-06-02,True,São Sebastião de Lagoa de Roça,2515104,AGRESTE PARAIBANO,ESPERANCA,25,2
2020-06-02,True,São Sebastião do Umbuzeiro,2515203,BORBOREMA,CARIRI OCIDENTAL,1,0
2020-06-02,True,São Vicente do Seridó,2515401,BORBOREMA,SERIDO ORIENTAL PARAIBANO,14,0
2020-06-02,True,Sapé,2515302,MATA PARAIBANA,SAPE,220,6
2020-06-02,True,Serra Branca,2515500,BORBOREMA,CARIRI OCIDENTAL,2,0
2020-06-02,True,Serra da Raiz,2515609,AGRESTE PARAIBANO,GUARABIRA,11,0
2020-06-02,True,Serra Grande,2515708,SERTAO PARAIBANO,ITAPORANGA,1,0
2020-06-02,True,Serra Redonda,2515807,AGRESTE PARAIBANO,CAMPINA GRANDE,48,0
2020-06-02,True,Serraria,2515906,AGRESTE PARAIBANO,BREJO PARAIBANO,13,2
2020-06-02,True,Sertãozinho,2515930,AGRESTE PARAIBANO,GUARABIRA,15,0
2020-06-02,True,Sobrado,2515971,MATA PARAIBANA,SAPE,24,1
2020-06-02,True,Solânea,2516003,AGRESTE PARAIBANO,CURIMATAU ORIENTAL,71,0
2020-06-02,True,Soledade,2516102,AGRESTE PARAIBANO,CURIMATAU OCIDENTAL,12,0
2020-06-02,True,Sossêgo,2516151,AGRESTE PARAIBANO,CURIMATAU OCIDENTAL,0,0
2020-06-02,True,Sousa,2516201,SERTAO PARAIBANO,SOUSA,210,1
2020-06-02,True,Sumé,2516300,BORBOREMA,CARIRI OCIDENTAL,22,0
2020-06-02,True,Tacima,2516409,AGRESTE PARAIBANO,CURIMATAU ORIENTAL,16,1
2020-06-02,True,Taperoá,2516508,BORBOREMA,CARIRI OCIDENTAL,35,1
2020-06-02,True,Tavares,2516607,SERTAO PARAIBANO,SERRA DO TEIXEIRA,6,0
2020-06-02,True,Teixeira,2516706,SERTAO PARAIBANO,SERRA DO TEIXEIRA,17,0
2020-06-02,True,Tenório,2516755,BORBOREMA,SERIDO ORIENTAL PARAIBANO,1,0
2020-06-02,True,Triunfo,2516805,SERTAO PARAIBANO,CAJAZEIRAS,0,0
2020-06-02,True,Uiraúna,2516904,SERTAO PARAIBANO,CAJAZEIRAS,4,1
2020-06-02,True,Umbuzeiro,2517001,AGRESTE PARAIBANO,UMBUZEIRO,16,1
2020-06-02,True,Várzea,2517100,BORBOREMA,SERIDO OCIDENTAL PARAIBANO,1,0
2020-06-02,True,Vieirópolis,2517209,SERTAO PARAIBANO,SOUSA,3,0
2020-06-02,True,Vista Serrana,2505501,SERTAO PARAIBANO,SOUSA,1,0
2020-06-02,True,Zabelê,2517407,BORBOREMA,CARIRI OCIDENTAL,0,0
2020-06-01,False,Água Branca,2500106,SERTAO PARAIBANO,SERRA DO TEIXEIRA,2,0
2020-06-01,False,Aguiar,2500205,SERTAO PARAIBANO,PIANCO,1,0
2020-06-01,False,Alagoa Grande,2500304,AGRESTE PARAIBANO,BREJO PARAIBANO,76,1
2020-06-01,False,Alagoa Nova,2500403,AGRESTE PARAIBANO,BREJO PARAIBANO,36,1
2020-06-01,False,Alagoinha,2500502,AGRESTE PARAIBANO,GUARABIRA,103,0
2020-06-01,False,Alcantil,2500536,BORBOREMA,CARIRI ORIENTAL,4,0
2020-06-01,False,Algodão de Jandaíra,2500577,AGRESTE PARAIBANO,CURIMATAU OCIDENTAL,0,0
2020-06-01,False,Alhandra,2500601,MATA PARAIBANA,LITORAL SUL,138,4
2020-06-01,False,Amparo,2500734,BORBOREMA,CARIRI OCIDENTAL,12,0
2020-06-01,False,Aparecida,2500775,SERTAO PARAIBANO,SOUSA,8,0
2020-06-01,False,Araçagi,2500809,AGRESTE PARAIBANO,GUARABIRA,27,0
2020-06-01,False,Arara,2500908,AGRESTE PARAIBANO,CURIMATAU OCIDENTAL,13,0
2020-06-01,False,Araruna,2501005,AGRESTE PARAIBANO,CURIMATAU ORIENTAL,2,0
2020-06-01,False,Areia,2501104,AGRESTE PARAIBANO,BREJO PARAIBANO,56,1
2020-06-01,False,Areia de Baraúnas,2501153,SERTAO PARAIBANO,PATOS,1,0
2020-06-01,False,Areial,2501203,AGRESTE PARAIBANO,ESPERANCA,9,0
2020-06-01,False,Aroeiras,2501302,AGRESTE PARAIBANO,UMBUZEIRO,23,0
2020-06-01,False,Assunção,2501351,BORBOREMA,CARIRI OCIDENTAL,6,0
2020-06-01,False,Baía da Traição,2501401,MATA PARAIBANA,LITORAL NORTE,44,1
2020-06-01,False,Bananeiras,2501500,AGRESTE PARAIBANO,BREJO PARAIBANO,26,0
2020-06-01,False,Baraúna,2501534,BORBOREMA,SERIDO ORIENTAL PARAIBANO,11,0
2020-06-01,False,Barra de Santana,2501575,BORBOREMA,CARIRI ORIENTAL,16,0
2020-06-01,False,Barra de Santa Rosa,2501609,AGRESTE PARAIBANO,CURIMATAU OCIDENTAL,5,0
2020-06-01,False,Barra de São Miguel,2501708,BORBOREMA,CARIRI ORIENTAL,3,1
2020-06-01,False,Bayeux,2501807,MATA PARAIBANA,JOAO PESSOA,319,21
2020-06-01,False,Belém,2501906,AGRESTE PARAIBANO,GUARABIRA,36,0
2020-06-01,False,Belém do Brejo do Cruz,2502003,SERTAO PARAIBANO,CATOLE DO ROCHA,2,0
2020-06-01,False,Bernardino Batista,2502052,SERTAO PARAIBANO,CAJAZEIRAS,0,0
2020-06-01,False,Boa Ventura,2502102,SERTAO PARAIBANO,ITAPORANGA,1,0
2020-06-01,False,Boa Vista,2502151,AGRESTE PARAIBANO,CAMPINA GRANDE,29,0
2020-06-01,False,Bom Jesus,2502201,SERTAO PARAIBANO,CAJAZEIRAS,1,0
2020-06-01,False,Bom Sucesso,2502300,SERTAO PARAIBANO,CATOLE DO ROCHA,0,0
2020-06-01,False,Bonito de Santa Fé,2502409,SERTAO PARAIBANO,CAJAZEIRAS,1,0
2020-06-01,False,Boqueirão,2502508,BORBOREMA,CARIRI ORIENTAL,20,1
2020-06-01,False,Borborema,2502706,AGRESTE PARAIBANO,BREJO PARAIBANO,1,0
2020-06-01,False,Brejo do Cruz,2502805,SERTAO PARAIBANO,CATOLE DO ROCHA,4,1
2020-06-01,False,Brejo dos Santos,2502904,SERTAO PARAIBANO,CATOLE DO ROCHA,0,0
2020-06-01,False,Caaporã,2503001,MATA PARAIBANA,LITORAL SUL,371,4
2020-06-01,False,Cabaceiras,2503100,BORBOREMA,CARIRI ORIENTAL,1,0
2020-06-01,False,Cabedelo,2503209,MATA PARAIBANA,JOAO PESSOA,796,8
2020-06-01,False,Cachoeira dos Índios,2503308,SERTAO PARAIBANO,CAJAZEIRAS,6,1
2020-06-01,False,Cacimba de Areia,2503407,SERTAO PARAIBANO,PATOS,1,0
2020-06-01,False,Cacimba de Dentro,2503506,AGRESTE PARAIBANO,CURIMATAU ORIENTAL,26,0
2020-06-01,False,Cacimbas,2503555,SERTAO PARAIBANO,SERRA DO TEIXEIRA,2,0
2020-06-01,False,Caiçara,2503605,AGRESTE PARAIBANO,GUARABIRA,23,1
2020-06-01,False,Cajazeiras,2503704,SERTAO PARAIBANO,CAJAZEIRAS,96,5
2020-06-01,False,Cajazeirinhas,2503753,SERTAO PARAIBANO,SOUSA,1,0
2020-06-01,False,Caldas Brandão,2503803,AGRESTE PARAIBANO,ITABAIANA,15,0
2020-06-01,False,Camalaú,2503902,BORBOREMA,CARIRI OCIDENTAL,0,0
2020-06-01,False,Campina Grande,2504009,AGRESTE PARAIBANO,CAMPINA GRANDE,1578,24
2020-06-01,False,Capim,2504033,MATA PARAIBANA,LITORAL NORTE,39,1
2020-06-01,False,Caraúbas,2504074,BORBOREMA,CARIRI ORIENTAL,0,0
2020-06-01,False,Carrapateira,2504108,SERTAO PARAIBANO,CAJAZEIRAS,1,0
2020-06-01,False,Casserengue,2504157,AGRESTE PARAIBANO,CURIMATAU ORIENTAL,8,0
2020-06-01,False,Catingueira,2504207,SERTAO PARAIBANO,PIANCO,5,0
2020-06-01,False,Catolé do Rocha,2504306,SERTAO PARAIBANO,CATOLE DO ROCHA,45,2
2020-06-01,False,Caturité,2504355,BORBOREMA,CARIRI ORIENTAL,14,0
2020-06-01,False,Conceição,2504405,SERTAO PARAIBANO,ITAPORANGA,5,0
2020-06-01,False,Condado,2504504,SERTAO PARAIBANO,SOUSA,39,0
2020-06-01,False,Conde,2504603,MATA PARAIBANA,JOAO PESSOA,97,2
2020-06-01,False,Congo,2504702,BORBOREMA,CARIRI OCIDENTAL,11,1
2020-06-01,False,Coremas,2504801,SERTAO PARAIBANO,PIANCO,17,0
2020-06-01,False,Coxixola,2504850,BORBOREMA,CARIRI OCIDENTAL,4,0
2020-06-01,False,Cruz do Espírito Santo,2504900,MATA PARAIBANA,SAPE,110,8
2020-06-01,False,Cubati,2505006,BORBOREMA,SERIDO ORIENTAL PARAIBANO,1,0
2020-06-01,False,Cuité,2505105,AGRESTE PARAIBANO,CURIMATAU OCIDENTAL,10,0
2020-06-01,False,Cuité de Mamanguape,2505238,MATA PARAIBANA,LITORAL NORTE,5,0
2020-06-01,False,Cuitegi,2505204,AGRESTE PARAIBANO,GUARABIRA,46,1
2020-06-01,False,Curral de Cima,2505279,MATA PARAIBANA,LITORAL NORTE,10,0
2020-06-01,False,Curral Velho,2505303,SERTAO PARAIBANO,ITAPORANGA,0,0
2020-06-01,False,Damião,2505352,AGRESTE PARAIBANO,CURIMATAU OCIDENTAL,1,0
2020-06-01,False,Desterro,2505402,SERTAO PARAIBANO,SERRA DO TEIXEIRA,9,0
2020-06-01,False,Diamante,2505600,SERTAO PARAIBANO,ITAPORANGA,0,0
2020-06-01,False,Dona Inês,2505709,AGRESTE PARAIBANO,CURIMATAU ORIENTAL,3,0
2020-06-01,False,Duas Estradas,2505808,AGRESTE PARAIBANO,GUARABIRA,20,0
2020-06-01,False,Emas,2505907,SERTAO PARAIBANO,PIANCO,1,0
2020-06-01,False,Esperança,2506004,AGRESTE PARAIBANO,ESPERANCA,56,0
2020-06-01,False,Fagundes,2506103,AGRESTE PARAIBANO,CAMPINA GRANDE,7,0
2020-06-01,False,Frei Martinho,2506202,BORBOREMA,SERIDO ORIENTAL PARAIBANO,0,0
2020-06-01,False,Gado Bravo,2506251,AGRESTE PARAIBANO,UMBUZEIRO,23,1
2020-06-01,False,Guarabira,2506301,AGRESTE PARAIBANO,GUARABIRA,573,4
2020-06-01,False,Gurinhém,2506400,AGRESTE PARAIBANO,ITABAIANA,36,0
2020-06-01,False,Gurjão,2506509,BORBOREMA,CARIRI ORIENTAL,15,1
2020-06-01,False,Ibiara,2506608,SERTAO PARAIBANO,ITAPORANGA,4,0
2020-06-01,False,Igaracy,2502607,SERTAO PARAIBANO,PIANCO,2,0
2020-06-01,False,Imaculada,2506707,SERTAO PARAIBANO,SERRA DO TEIXEIRA,8,0
2020-06-01,False,Ingá,2506806,AGRESTE PARAIBANO,ITABAIANA,70,0
2020-06-01,False,Itabaiana,2506905,AGRESTE PARAIBANO,ITABAIANA,197,2
2020-06-01,False,Itaporanga,2507002,SERTAO PARAIBANO,ITAPORANGA,3,1
2020-06-01,False,Itapororoca,2507101,MATA PARAIBANA,LITORAL NORTE,38,1
2020-06-01,False,Itatuba,2507200,AGRESTE PARAIBANO,ITABAIANA,47,1
2020-06-01,False,Jacaraú,2507309,MATA PARAIBANA,LITORAL NORTE,7,0
2020-06-01,False,Jericó,2507408,SERTAO PARAIBANO,CATOLE DO ROCHA,2,0
2020-06-01,False,João Pessoa,2507507,MATA PARAIBANA,JOAO PESSOA,4151,126
2020-06-01,False,Joca Claudino,2513653,SERTAO PARAIBANO,CAJAZEIRAS,1,0
2020-06-01,False,Juarez Távora,2507606,AGRESTE PARAIBANO,ITABAIANA,22,0
2020-06-01,False,Juazeirinho,2507705,BORBOREMA,SERIDO ORIENTAL PARAIBANO,51,0
2020-06-01,False,Junco do Seridó,2507804,BORBOREMA,SERIDO OCIDENTAL PARAIBANO,9,1
2020-06-01,False,Juripiranga,2507903,MATA PARAIBANA,SAPE,90,1
2020-06-01,False,Juru,2508000,SERTAO PARAIBANO,SERRA DO TEIXEIRA,4,0
2020-06-01,False,Lagoa,2508109,SERTAO PARAIBANO,CATOLE DO ROCHA,3,0
2020-06-01,False,Lagoa de Dentro,2508208,AGRESTE PARAIBANO,GUARABIRA,7,0
2020-06-01,False,Lagoa Seca,2508307,AGRESTE PARAIBANO,CAMPINA GRANDE,76,2
2020-06-01,False,Lastro,2508406,SERTAO PARAIBANO,SOUSA,1,0
2020-06-01,False,Livramento,2508505,BORBOREMA,CARIRI OCIDENTAL,0,0
2020-06-01,False,Logradouro,2508554,AGRESTE PARAIBANO,GUARABIRA,11,0
2020-06-01,False,Lucena,2508604,MATA PARAIBANA,JOAO PESSOA,54,1
2020-06-01,False,Mãe d'Água,2508703,SERTAO PARAIBANO,PATOS,3,0
2020-06-01,False,Malta,2508802,SERTAO PARAIBANO,SOUSA,11,0
2020-06-01,False,Mamanguape,2508901,MATA PARAIBANA,LITORAL NORTE,162,2
2020-06-01,False,Manaíra,2509008,SERTAO PARAIBANO,SERRA DO TEIXEIRA,2,0
2020-06-01,False,Marcação,2509057,MATA PARAIBANA,LITORAL NORTE,7,0
2020-06-01,False,Mari,2509107,MATA PARAIBANA,SAPE,113,3
2020-06-01,False,Marizópolis,2509156,SERTAO PARAIBANO,SOUSA,3,1
2020-06-01,False,Massaranduba,2509206,AGRESTE PARAIBANO,CAMPINA GRANDE,22,0
2020-06-01,False,Mataraca,2509305,MATA PARAIBANA,LITORAL NORTE,24,0
2020-06-01,False,Matinhas,2509339,AGRESTE PARAIBANO,BREJO PARAIBANO,14,0
2020-06-01,False,Mato Grosso,2509370,SERTAO PARAIBANO,CATOLE DO ROCHA,4,0
2020-06-01,False,Maturéia,2509396,SERTAO PARAIBANO,SERRA DO TEIXEIRA,10,0
2020-06-01,False,Mogeiro,2509404,AGRESTE PARAIBANO,ITABAIANA,4,1
2020-06-01,False,Montadas,2509503,AGRESTE PARAIBANO,ESPERANCA,6,0
2020-06-01,False,Monte Horebe,2509602,SERTAO PARAIBANO,CAJAZEIRAS,0,0
2020-06-01,False,Monteiro,2509701,BORBOREMA,CARIRI OCIDENTAL,27,0
2020-06-01,False,Mulungu,2509800,AGRESTE PARAIBANO,GUARABIRA,17,0
2020-06-01,False,Natuba,2509909,AGRESTE PARAIBANO,UMBUZEIRO,7,0
2020-06-01,False,Nazarezinho,2510006,SERTAO PARAIBANO,SOUSA,0,0
2020-06-01,False,Nova Floresta,2510105,AGRESTE PARAIBANO,CURIMATAU OCIDENTAL,1,0
2020-06-01,False,Nova Olinda,2510204,SERTAO PARAIBANO,PIANCO,2,0
2020-06-01,False,Nova Palmeira,2510303,BORBOREMA,SERIDO ORIENTAL PARAIBANO,3,0
2020-06-01,False,Olho d'Água,2510402,SERTAO PARAIBANO,PIANCO,13,0
2020-06-01,False,Olivedos,2510501,AGRESTE PARAIBANO,CURIMATAU OCIDENTAL,2,0
2020-06-01,False,Ouro Velho,2510600,BORBOREMA,CARIRI OCIDENTAL,1,0
2020-06-01,False,Parari,2510659,BORBOREMA,CARIRI OCIDENTAL,0,0
2020-06-01,False,Passagem,2510709,SERTAO PARAIBANO,PATOS,7,0
2020-06-01,False,Patos,2510808,SERTAO PARAIBANO,PATOS,587,23
2020-06-01,False,Paulista,2510907,SERTAO PARAIBANO,SOUSA,17,0
2020-06-01,False,Pedra Branca,2511004,SERTAO PARAIBANO,ITAPORANGA,0,0
2020-06-01,False,Pedra Lavrada,2511103,BORBOREMA,SERIDO ORIENTAL PARAIBANO,0,0
2020-06-01,False,Pedras de Fogo,2511202,MATA PARAIBANA,LITORAL SUL,247,4
2020-06-01,False,Pedro Régis,2512721,MATA PARAIBANA,LITORAL NORTE,1,0
2020-06-01,False,Piancó,2511301,SERTAO PARAIBANO,PIANCO,18,2
2020-06-01,False,Picuí,2511400,BORBOREMA,SERIDO ORIENTAL PARAIBANO,15,0
2020-06-01,False,Pilar,2511509,MATA PARAIBANA,SAPE,40,0
2020-06-01,False,Pilões,2511608,AGRESTE PARAIBANO,BREJO PARAIBANO,9,0
2020-06-01,False,Pilõezinhos,2511707,AGRESTE PARAIBANO,GUARABIRA,52,0
2020-06-01,False,Pirpirituba,2511806,AGRESTE PARAIBANO,GUARABIRA,20,0
2020-06-01,False,Pitimbu,2511905,MATA PARAIBANA,LITORAL SUL,100,3
2020-06-01,False,Pocinhos,2512002,AGRESTE PARAIBANO,CURIMATAU OCIDENTAL,7,0
2020-06-01,False,Poço Dantas,2512036,SERTAO PARAIBANO,CAJAZEIRAS,0,0
2020-06-01,False,Poço de José de Moura,2512077,SERTAO PARAIBANO,CAJAZEIRAS,0,0
2020-06-01,False,Pombal,2512101,SERTAO PARAIBANO,SOUSA,61,0
2020-06-01,False,Prata,2512200,BORBOREMA,CARIRI OCIDENTAL,0,0
2020-06-01,False,Princesa Isabel,2512309,SERTAO PARAIBANO,SERRA DO TEIXEIRA,8,0
2020-06-01,False,Puxinanã,2512408,AGRESTE PARAIBANO,CAMPINA GRANDE,30,0
2020-06-01,False,Queimadas,2512507,AGRESTE PARAIBANO,CAMPINA GRANDE,94,0
2020-06-01,False,Quixabá,2512606,SERTAO PARAIBANO,PATOS,4,0
2020-06-01,False,Remígio,2512705,AGRESTE PARAIBANO,CURIMATAU OCIDENTAL,42,2
2020-06-01,False,Riachão,2512747,AGRESTE PARAIBANO,CURIMATAU ORIENTAL,0,0
2020-06-01,False,Riachão do Bacamarte,2512754,AGRESTE PARAIBANO,ITABAIANA,80,0
2020-06-01,False,Riachão do Poço,2512762,MATA PARAIBANA,SAPE,3,1
2020-06-01,False,Riacho de Santo Antônio,2512788,BORBOREMA,CARIRI ORIENTAL,3,0
2020-06-01,False,Riacho dos Cavalos,2512804,SERTAO PARAIBANO,CATOLE DO ROCHA,2,0
2020-06-01,False,Rio Tinto,2512903,MATA PARAIBANA,LITORAL NORTE,57,1
2020-06-01,False,Salgadinho,2513000,BORBOREMA,SERIDO OCIDENTAL PARAIBANO,5,0
2020-06-01,False,Salgado de São Félix,2513109,AGRESTE PARAIBANO,ITABAIANA,26,0
2020-06-01,False,Santa Cecília,2513158,AGRESTE PARAIBANO,UMBUZEIRO,3,0
2020-06-01,False,Santa Cruz,2513208,SERTAO PARAIBANO,SOUSA,0,0
2020-06-01,False,Santa Helena,2513307,SERTAO PARAIBANO,CAJAZEIRAS,1,0
2020-06-01,False,Santa Inês,2513356,SERTAO PARAIBANO,ITAPORANGA,1,0
2020-06-01,False,Santa Luzia,2513406,BORBOREMA,SERIDO OCIDENTAL PARAIBANO,47,2
2020-06-01,False,Santa Rita,2513703,MATA PARAIBANA,JOAO PESSOA,597,62
2020-06-01,False,Santa Teresinha,2513802,SERTAO PARAIBANO,PATOS,13,0
2020-06-01,False,Santana de Mangueira,2513505,SERTAO PARAIBANO,ITAPORANGA,0,0
2020-06-01,False,Santana dos Garrotes,2513604,SERTAO PARAIBANO,PIANCO,1,0
2020-06-01,False,Santo André,2513851,BORBOREMA,CARIRI ORIENTAL,0,0
2020-06-01,False,São Bentinho,2513927,SERTAO PARAIBANO,SOUSA,9,0
2020-06-01,False,São Bento,2513901,SERTAO PARAIBANO,CATOLE DO ROCHA,124,4
2020-06-01,False,São Domingos de Pombal,2513968,SERTAO PARAIBANO,SOUSA,0,0
2020-06-01,False,São Domingos do Cariri,2513943,BORBOREMA,CARIRI ORIENTAL,0,0
2020-06-01,False,São Francisco,2513984,SERTAO PARAIBANO,SOUSA,3,0
2020-06-01,False,São João do Cariri,2514008,BORBOREMA,CARIRI ORIENTAL,1,0
2020-06-01,False,São João do Rio do Peixe,2500700,SERTAO PARAIBANO,CAJAZEIRAS,12,0
2020-06-01,False,São João do Tigre,2514107,BORBOREMA,CARIRI OCIDENTAL,1,0
2020-06-01,False,São José da Lagoa Tapada,2514206,SERTAO PARAIBANO,SOUSA,13,0
2020-06-01,False,São José de Caiana,2514305,SERTAO PARAIBANO,ITAPORANGA,11,0
2020-06-01,False,São José de Espinharas,2514404,SERTAO PARAIBANO,PATOS,3,0
2020-06-01,False,São José de Piranhas,2514503,SERTAO PARAIBANO,CAJAZEIRAS,5,1
2020-06-01,False,São José de Princesa,2514552,SERTAO PARAIBANO,SERRA DO TEIXEIRA,0,0
2020-06-01,False,São José do Bonfim,2514602,SERTAO PARAIBANO,PATOS,12,0
2020-06-01,False,São José do Brejo do Cruz,2514651,SERTAO PARAIBANO,CATOLE DO ROCHA,0,0
2020-06-01,False,São José do Sabugi,2514701,BORBOREMA,SERIDO OCIDENTAL PARAIBANO,62,0
2020-06-01,False,São José dos Cordeiros,2514800,BORBOREMA,CARIRI OCIDENTAL,3,0
2020-06-01,False,São José dos Ramos,2514453,MATA PARAIBANA,SAPE,10,0
2020-06-01,False,São Mamede,2514909,BORBOREMA,SERIDO OCIDENTAL PARAIBANO,13,0
2020-06-01,False,São Miguel de Taipu,2515005,MATA PARAIBANA,SAPE,23,1
2020-06-01,False,São Sebastião de Lagoa de Roça,2515104,AGRESTE PARAIBANO,ESPERANCA,22,2
2020-06-01,False,São Sebastião do Umbuzeiro,2515203,BORBOREMA,CARIRI OCIDENTAL,1,0
2020-06-01,False,São Vicente do Seridó,2515401,BORBOREMA,SERIDO ORIENTAL PARAIBANO,13,0
2020-06-01,False,Sapé,2515302,MATA PARAIBANA,SAPE,201,6
2020-06-01,False,Serra Branca,2515500,BORBOREMA,CARIRI OCIDENTAL,2,0
2020-06-01,False,Serra da Raiz,2515609,AGRESTE PARAIBANO,GUARABIRA,11,0
2020-06-01,False,Serra Grande,2515708,SERTAO PARAIBANO,ITAPORANGA,1,0
2020-06-01,False,Serra Redonda,2515807,AGRESTE PARAIBANO,CAMPINA GRANDE,36,0
2020-06-01,False,Serraria,2515906,AGRESTE PARAIBANO,BREJO PARAIBANO,11,2
2020-06-01,False,Sertãozinho,2515930,AGRESTE PARAIBANO,GUARABIRA,14,0
2020-06-01,False,Sobrado,2515971,MATA PARAIBANA,SAPE,21,1
2020-06-01,False,Solânea,2516003,AGRESTE PARAIBANO,CURIMATAU ORIENTAL,68,0
2020-06-01,False,Soledade,2516102,AGRESTE PARAIBANO,CURIMATAU OCIDENTAL,9,0
2020-06-01,False,Sossêgo,2516151,AGRESTE PARAIBANO,CURIMATAU OCIDENTAL,0,0
2020-06-01,False,Sousa,2516201,SERTAO PARAIBANO,SOUSA,186,1
2020-06-01,False,Sumé,2516300,BORBOREMA,CARIRI OCIDENTAL,20,0
2020-06-01,False,Tacima,2516409,AGRESTE PARAIBANO,CURIMATAU ORIENTAL,16,1
2020-06-01,False,Taperoá,2516508,BORBOREMA,CARIRI OCIDENTAL,33,1
2020-06-01,False,Tavares,2516607,SERTAO PARAIBANO,SERRA DO TEIXEIRA,6,0
2020-06-01,False,Teixeira,2516706,SERTAO PARAIBANO,SERRA DO TEIXEIRA,17,0
2020-06-01,False,Tenório,2516755,BORBOREMA,SERIDO ORIENTAL PARAIBANO,1,0
2020-06-01,False,Triunfo,2516805,SERTAO PARAIBANO,CAJAZEIRAS,0,0
2020-06-01,False,Uiraúna,2516904,SERTAO PARAIBANO,CAJAZEIRAS,4,1
2020-06-01,False,Umbuzeiro,2517001,AGRESTE PARAIBANO,UMBUZEIRO,16,1
2020-06-01,False,Várzea,2517100,BORBOREMA,SERIDO OCIDENTAL PARAIBANO,1,0
2020-06-01,False,Vieirópolis,2517209,SERTAO PARAIBANO,SOUSA,2,0
2020-06-01,False,Vista Serrana,2505501,SERTAO PARAIBANO,SOUSA,1,0
2020-06-01,False,Zabelê,2517407,BORBOREMA,CARIRI OCIDENTAL,0,0
2020-05-31,False,Água Branca,2500106,SERTAO PARAIBANO,SERRA DO TEIXEIRA,2,0
2020-05-31,False,Aguiar,2500205,SERTAO PARAIBANO,PIANCO,1,0
2020-05-31,False,Alagoa Grande,2500304,AGRESTE PARAIBANO,BREJO PARAIBANO,76,1
2020-05-31,False,Alagoa Nova,2500403,AGRESTE PARAIBANO,BREJO PARAIBANO,33,1
2020-05-31,False,Alagoinha,2500502,AGRESTE PARAIBANO,GUARABIRA,103,0
2020-05-31,False,Alcantil,2500536,BORBOREMA,CARIRI ORIENTAL,2,0
2020-05-31,False,Algodão de Jandaíra,2500577,AGRESTE PARAIBANO,CURIMATAU OCIDENTAL,0,0
2020-05-31,False,Alhandra,2500601,MATA PARAIBANA,LITORAL SUL,138,4
2020-05-31,False,Amparo,2500734,BORBOREMA,CARIRI OCIDENTAL,12,0
2020-05-31,False,Aparecida,2500775,SERTAO PARAIBANO,SOUSA,6,0
2020-05-31,False,Araçagi,2500809,AGRESTE PARAIBANO,GUARABIRA,27,0
2020-05-31,False,Arara,2500908,AGRESTE PARAIBANO,CURIMATAU OCIDENTAL,13,0
2020-05-31,False,Araruna,2501005,AGRESTE PARAIBANO,CURIMATAU ORIENTAL,2,0
2020-05-31,False,Areia,2501104,AGRESTE PARAIBANO,BREJO PARAIBANO,55,1
2020-05-31,False,Areia de Baraúnas,2501153,SERTAO PARAIBANO,PATOS,1,0
2020-05-31,False,Areial,2501203,AGRESTE PARAIBANO,ESPERANCA,9,0
2020-05-31,False,Aroeiras,2501302,AGRESTE PARAIBANO,UMBUZEIRO,23,0
2020-05-31,False,Assunção,2501351,BORBOREMA,CARIRI OCIDENTAL,6,0
2020-05-31,False,Baía da Traição,2501401,MATA PARAIBANA,LITORAL NORTE,44,1
2020-05-31,False,Bananeiras,2501500,AGRESTE PARAIBANO,BREJO PARAIBANO,26,0
2020-05-31,False,Baraúna,2501534,BORBOREMA,SERIDO ORIENTAL PARAIBANO,11,0
2020-05-31,False,Barra de Santana,2501575,BORBOREMA,CARIRI ORIENTAL,15,0
2020-05-31,False,Barra de Santa Rosa,2501609,AGRESTE PARAIBANO,CURIMATAU OCIDENTAL,5,0
2020-05-31,False,Barra de São Miguel,2501708,BORBOREMA,CARIRI ORIENTAL,3,1
2020-05-31,False,Bayeux,2501807,MATA PARAIBANA,JOAO PESSOA,307,19
2020-05-31,False,Belém,2501906,AGRESTE PARAIBANO,GUARABIRA,35,0
2020-05-31,False,Belém do Brejo do Cruz,2502003,SERTAO PARAIBANO,CATOLE DO ROCHA,1,0
2020-05-31,False,Bernardino Batista,2502052,SERTAO PARAIBANO,CAJAZEIRAS,0,0
2020-05-31,False,Boa Ventura,2502102,SERTAO PARAIBANO,ITAPORANGA,1,0
2020-05-31,False,Boa Vista,2502151,AGRESTE PARAIBANO,CAMPINA GRANDE,29,0
2020-05-31,False,Bom Jesus,2502201,SERTAO PARAIBANO,CAJAZEIRAS,1,0
2020-05-31,False,Bom Sucesso,2502300,SERTAO PARAIBANO,CATOLE DO ROCHA,0,0
2020-05-31,False,Bonito de Santa Fé,2502409,SERTAO PARAIBANO,CAJAZEIRAS,1,0
2020-05-31,False,Boqueirão,2502508,BORBOREMA,CARIRI ORIENTAL,20,1
2020-05-31,False,Borborema,2502706,AGRESTE PARAIBANO,BREJO PARAIBANO,1,0
2020-05-31,False,Brejo do Cruz,2502805,SERTAO PARAIBANO,CATOLE DO ROCHA,4,1
2020-05-31,False,Brejo dos Santos,2502904,SERTAO PARAIBANO,CATOLE DO ROCHA,0,0
2020-05-31,False,Caaporã,2503001,MATA PARAIBANA,LITORAL SUL,353,4
2020-05-31,False,Cabaceiras,2503100,BORBOREMA,CARIRI ORIENTAL,1,0
2020-05-31,False,Cabedelo,2503209,MATA PARAIBANA,JOAO PESSOA,750,8
2020-05-31,False,Cachoeira dos Índios,2503308,SERTAO PARAIBANO,CAJAZEIRAS,6,1
2020-05-31,False,Cacimba de Areia,2503407,SERTAO PARAIBANO,PATOS,1,0
2020-05-31,False,Cacimba de Dentro,2503506,AGRESTE PARAIBANO,CURIMATAU ORIENTAL,24,0
2020-05-31,False,Cacimbas,2503555,SERTAO PARAIBANO,SERRA DO TEIXEIRA,2,0
2020-05-31,False,Caiçara,2503605,AGRESTE PARAIBANO,GUARABIRA,23,1
2020-05-31,False,Cajazeiras,2503704,SERTAO PARAIBANO,CAJAZEIRAS,90,5
2020-05-31,False,Cajazeirinhas,2503753,SERTAO PARAIBANO,SOUSA,1,0
2020-05-31,False,Caldas Brandão,2503803,AGRESTE PARAIBANO,ITABAIANA,15,0
2020-05-31,False,Camalaú,2503902,BORBOREMA,CARIRI OCIDENTAL,0,0
2020-05-31,False,Campina Grande,2504009,AGRESTE PARAIBANO,CAMPINA GRANDE,1519,20
2020-05-31,False,Capim,2504033,MATA PARAIBANA,LITORAL NORTE,39,1
2020-05-31,False,Caraúbas,2504074,BORBOREMA,CARIRI ORIENTAL,0,0
2020-05-31,False,Carrapateira,2504108,SERTAO PARAIBANO,CAJAZEIRAS,1,0
2020-05-31,False,Casserengue,2504157,AGRESTE PARAIBANO,CURIMATAU ORIENTAL,8,0
2020-05-31,False,Catingueira,2504207,SERTAO PARAIBANO,PIANCO,5,0
2020-05-31,False,Catolé do Rocha,2504306,SERTAO PARAIBANO,CATOLE DO ROCHA,45,2
2020-05-31,False,Caturité,2504355,BORBOREMA,CARIRI ORIENTAL,14,0
2020-05-31,False,Conceição,2504405,SERTAO PARAIBANO,ITAPORANGA,4,0
2020-05-31,False,Condado,2504504,SERTAO PARAIBANO,SOUSA,38,0
2020-05-31,False,Conde,2504603,MATA PARAIBANA,JOAO PESSOA,95,2
2020-05-31,False,Congo,2504702,BORBOREMA,CARIRI OCIDENTAL,11,1
2020-05-31,False,Coremas,2504801,SERTAO PARAIBANO,PIANCO,17,0
2020-05-31,False,Coxixola,2504850,BORBOREMA,CARIRI OCIDENTAL,4,0
2020-05-31,False,Cruz do Espírito Santo,2504900,MATA PARAIBANA,SAPE,103,8
2020-05-31,False,Cubati,2505006,BORBOREMA,SERIDO ORIENTAL PARAIBANO,1,0
2020-05-31,False,Cuité,2505105,AGRESTE PARAIBANO,CURIMATAU OCIDENTAL,10,0
2020-05-31,False,Cuité de Mamanguape,2505238,MATA PARAIBANA,LITORAL NORTE,5,0
2020-05-31,False,Cuitegi,2505204,AGRESTE PARAIBANO,GUARABIRA,46,1
2020-05-31,False,Curral de Cima,2505279,MATA PARAIBANA,LITORAL NORTE,10,0
2020-05-31,False,Curral Velho,2505303,SERTAO PARAIBANO,ITAPORANGA,0,0
2020-05-31,False,Damião,2505352,AGRESTE PARAIBANO,CURIMATAU OCIDENTAL,1,0
2020-05-31,False,Desterro,2505402,SERTAO PARAIBANO,SERRA DO TEIXEIRA,9,0
2020-05-31,False,Diamante,2505600,SERTAO PARAIBANO,ITAPORANGA,0,0
2020-05-31,False,Dona Inês,2505709,AGRESTE PARAIBANO,CURIMATAU ORIENTAL,2,0
2020-05-31,False,Duas Estradas,2505808,AGRESTE PARAIBANO,GUARABIRA,20,0
2020-05-31,False,Emas,2505907,SERTAO PARAIBANO,PIANCO,1,0
2020-05-31,False,Esperança,2506004,AGRESTE PARAIBANO,ESPERANCA,55,0
2020-05-31,False,Fagundes,2506103,AGRESTE PARAIBANO,CAMPINA GRANDE,7,0
2020-05-31,False,Frei Martinho,2506202,BORBOREMA,SERIDO ORIENTAL PARAIBANO,0,0
2020-05-31,False,Gado Bravo,2506251,AGRESTE PARAIBANO,UMBUZEIRO,23,1
2020-05-31,False,Guarabira,2506301,AGRESTE PARAIBANO,GUARABIRA,565,3
2020-05-31,False,Gurinhém,2506400,AGRESTE PARAIBANO,ITABAIANA,31,0
2020-05-31,False,Gurjão,2506509,BORBOREMA,CARIRI ORIENTAL,15,1
2020-05-31,False,Ibiara,2506608,SERTAO PARAIBANO,ITAPORANGA,4,0
2020-05-31,False,Igaracy,2502607,SERTAO PARAIBANO,PIANCO,2,0
2020-05-31,False,Imaculada,2506707,SERTAO PARAIBANO,SERRA DO TEIXEIRA,9,0
2020-05-31,False,Ingá,2506806,AGRESTE PARAIBANO,ITABAIANA,62,0
2020-05-31,False,Itabaiana,2506905,AGRESTE PARAIBANO,ITABAIANA,190,2
2020-05-31,False,Itaporanga,2507002,SERTAO PARAIBANO,ITAPORANGA,3,1
2020-05-31,False,Itapororoca,2507101,MATA PARAIBANA,LITORAL NORTE,30,1
2020-05-31,False,Itatuba,2507200,AGRESTE PARAIBANO,ITABAIANA,47,1
2020-05-31,False,Jacaraú,2507309,MATA PARAIBANA,LITORAL NORTE,7,0
2020-05-31,False,Jericó,2507408,SERTAO PARAIBANO,CATOLE DO ROCHA,2,0
2020-05-31,False,João Pessoa,2507507,MATA PARAIBANA,JOAO PESSOA,3959,125
2020-05-31,False,Joca Claudino,2513653,SERTAO PARAIBANO,CAJAZEIRAS,1,0
2020-05-31,False,Juarez Távora,2507606,AGRESTE PARAIBANO,ITABAIANA,22,0
2020-05-31,False,Juazeirinho,2507705,BORBOREMA,SERIDO ORIENTAL PARAIBANO,51,0
2020-05-31,False,Junco do Seridó,2507804,BORBOREMA,SERIDO OCIDENTAL PARAIBANO,9,1
2020-05-31,False,Juripiranga,2507903,MATA PARAIBANA,SAPE,87,1
2020-05-31,False,Juru,2508000,SERTAO PARAIBANO,SERRA DO TEIXEIRA,4,0
2020-05-31,False,Lagoa,2508109,SERTAO PARAIBANO,CATOLE DO ROCHA,3,0
2020-05-31,False,Lagoa de Dentro,2508208,AGRESTE PARAIBANO,GUARABIRA,7,0
2020-05-31,False,Lagoa Seca,2508307,AGRESTE PARAIBANO,CAMPINA GRANDE,75,2
2020-05-31,False,Lastro,2508406,SERTAO PARAIBANO,SOUSA,1,0
2020-05-31,False,Livramento,2508505,BORBOREMA,CARIRI OCIDENTAL,0,0
2020-05-31,False,Logradouro,2508554,AGRESTE PARAIBANO,GUARABIRA,11,0
2020-05-31,False,Lucena,2508604,MATA PARAIBANA,JOAO PESSOA,54,1
2020-05-31,False,Mãe d'Água,2508703,SERTAO PARAIBANO,PATOS,2,0
2020-05-31,False,Malta,2508802,SERTAO PARAIBANO,SOUSA,11,0
2020-05-31,False,Mamanguape,2508901,MATA PARAIBANA,LITORAL NORTE,161,2
2020-05-31,False,Manaíra,2509008,SERTAO PARAIBANO,SERRA DO TEIXEIRA,2,0
2020-05-31,False,Marcação,2509057,MATA PARAIBANA,LITORAL NORTE,7,0
2020-05-31,False,Mari,2509107,MATA PARAIBANA,SAPE,105,3
2020-05-31,False,Marizópolis,2509156,SERTAO PARAIBANO,SOUSA,3,1
2020-05-31,False,Massaranduba,2509206,AGRESTE PARAIBANO,CAMPINA GRANDE,22,0
2020-05-31,False,Mataraca,2509305,MATA PARAIBANA,LITORAL NORTE,24,0
2020-05-31,False,Matinhas,2509339,AGRESTE PARAIBANO,BREJO PARAIBANO,14,0
2020-05-31,False,Mato Grosso,2509370,SERTAO PARAIBANO,CATOLE DO ROCHA,3,0
2020-05-31,False,Maturéia,2509396,SERTAO PARAIBANO,SERRA DO TEIXEIRA,10,0
2020-05-31,False,Mogeiro,2509404,AGRESTE PARAIBANO,ITABAIANA,4,1
2020-05-31,False,Montadas,2509503,AGRESTE PARAIBANO,ESPERANCA,6,0
2020-05-31,False,Monte Horebe,2509602,SERTAO PARAIBANO,CAJAZEIRAS,0,0
2020-05-31,False,Monteiro,2509701,BORBOREMA,CARIRI OCIDENTAL,22,0
2020-05-31,False,Mulungu,2509800,AGRESTE PARAIBANO,GUARABIRA,16,0
2020-05-31,False,Natuba,2509909,AGRESTE PARAIBANO,UMBUZEIRO,7,0
2020-05-31,False,Nazarezinho,2510006,SERTAO PARAIBANO,SOUSA,0,0
2020-05-31,False,Nova Floresta,2510105,AGRESTE PARAIBANO,CURIMATAU OCIDENTAL,1,0
2020-05-31,False,Nova Olinda,2510204,SERTAO PARAIBANO,PIANCO,2,0
2020-05-31,False,Nova Palmeira,2510303,BORBOREMA,SERIDO ORIENTAL PARAIBANO,3,0
2020-05-31,False,Olho d'Água,2510402,SERTAO PARAIBANO,PIANCO,13,0
2020-05-31,False,Olivedos,2510501,AGRESTE PARAIBANO,CURIMATAU OCIDENTAL,2,0
2020-05-31,False,Ouro Velho,2510600,BORBOREMA,CARIRI OCIDENTAL,1,0
2020-05-31,False,Parari,2510659,BORBOREMA,CARIRI OCIDENTAL,0,0
2020-05-31,False,Passagem,2510709,SERTAO PARAIBANO,PATOS,6,0
2020-05-31,False,Patos,2510808,SERTAO PARAIBANO,PATOS,565,22
2020-05-31,False,Paulista,2510907,SERTAO PARAIBANO,SOUSA,17,0
2020-05-31,False,Pedra Branca,2511004,SERTAO PARAIBANO,ITAPORANGA,0,0
2020-05-31,False,Pedra Lavrada,2511103,BORBOREMA,SERIDO ORIENTAL PARAIBANO,0,0
2020-05-31,False,Pedras de Fogo,2511202,MATA PARAIBANA,LITORAL SUL,245,4
2020-05-31,False,Pedro Régis,2512721,MATA PARAIBANA,LITORAL NORTE,1,0
2020-05-31,False,Piancó,2511301,SERTAO PARAIBANO,PIANCO,15,2
2020-05-31,False,Picuí,2511400,BORBOREMA,SERIDO ORIENTAL PARAIBANO,10,0
2020-05-31,False,Pilar,2511509,MATA PARAIBANA,SAPE,38,0
2020-05-31,False,Pilões,2511608,AGRESTE PARAIBANO,BREJO PARAIBANO,10,0
2020-05-31,False,Pilõezinhos,2511707,AGRESTE PARAIBANO,GUARABIRA,51,0
2020-05-31,False,Pirpirituba,2511806,AGRESTE PARAIBANO,GUARABIRA,20,0
2020-05-31,False,Pitimbu,2511905,MATA PARAIBANA,LITORAL SUL,68,3
2020-05-31,False,Pocinhos,2512002,AGRESTE PARAIBANO,CURIMATAU OCIDENTAL,7,0
2020-05-31,False,Poço Dantas,2512036,SERTAO PARAIBANO,CAJAZEIRAS,0,0
2020-05-31,False,Poço de José de Moura,2512077,SERTAO PARAIBANO,CAJAZEIRAS,0,0
2020-05-31,False,Pombal,2512101,SERTAO PARAIBANO,SOUSA,60,0
2020-05-31,False,Prata,2512200,BORBOREMA,CARIRI OCIDENTAL,0,0
2020-05-31,False,Princesa Isabel,2512309,SERTAO PARAIBANO,SERRA DO TEIXEIRA,8,0
2020-05-31,False,Puxinanã,2512408,AGRESTE PARAIBANO,CAMPINA GRANDE,29,0
2020-05-31,False,Queimadas,2512507,AGRESTE PARAIBANO,CAMPINA GRANDE,95,0
2020-05-31,False,Quixabá,2512606,SERTAO PARAIBANO,PATOS,4,0
2020-05-31,False,Remígio,2512705,AGRESTE PARAIBANO,CURIMATAU OCIDENTAL,42,2
2020-05-31,False,Riachão,2512747,AGRESTE PARAIBANO,CURIMATAU ORIENTAL,0,0
2020-05-31,False,Riachão do Bacamarte,2512754,AGRESTE PARAIBANO,ITABAIANA,78,0
2020-05-31,False,Riachão do Poço,2512762,MATA PARAIBANA,SAPE,1,1
2020-05-31,False,Riacho de Santo Antônio,2512788,BORBOREMA,CARIRI ORIENTAL,3,0
2020-05-31,False,Riacho dos Cavalos,2512804,SERTAO PARAIBANO,CATOLE DO ROCHA,2,0
2020-05-31,False,Rio Tinto,2512903,MATA PARAIBANA,LITORAL NORTE,56,1
2020-05-31,False,Salgadinho,2513000,BORBOREMA,SERIDO OCIDENTAL PARAIBANO,5,0
2020-05-31,False,Salgado de São Félix,2513109,AGRESTE PARAIBANO,ITABAIANA,25,0
2020-05-31,False,Santa Cecília,2513158,AGRESTE PARAIBANO,UMBUZEIRO,3,0
2020-05-31,False,Santa Cruz,2513208,SERTAO PARAIBANO,SOUSA,0,0
2020-05-31,False,Santa Helena,2513307,SERTAO PARAIBANO,CAJAZEIRAS,1,0
2020-05-31,False,Santa Inês,2513356,SERTAO PARAIBANO,ITAPORANGA,1,0
2020-05-31,False,Santa Luzia,2513406,BORBOREMA,SERIDO OCIDENTAL PARAIBANO,47,2
2020-05-31,False,Santa Rita,2513703,MATA PARAIBANA,JOAO PESSOA,583,62
2020-05-31,False,Santa Teresinha,2513802,SERTAO PARAIBANO,PATOS,13,0
2020-05-31,False,Santana de Mangueira,2513505,SERTAO PARAIBANO,ITAPORANGA,0,0
2020-05-31,False,Santana dos Garrotes,2513604,SERTAO PARAIBANO,PIANCO,1,0
2020-05-31,False,Santo André,2513851,BORBOREMA,CARIRI ORIENTAL,0,0
2020-05-31,False,São Bentinho,2513927,SERTAO PARAIBANO,SOUSA,9,0
2020-05-31,False,São Bento,2513901,SERTAO PARAIBANO,CATOLE DO ROCHA,122,4
2020-05-31,False,São Domingos de Pombal,2513968,SERTAO PARAIBANO,SOUSA,0,0
2020-05-31,False,São Domingos do Cariri,2513943,BORBOREMA,CARIRI ORIENTAL,0,0
2020-05-31,False,São Francisco,2513984,SERTAO PARAIBANO,SOUSA,2,0
2020-05-31,False,São João do Cariri,2514008,BORBOREMA,CARIRI ORIENTAL,1,0
2020-05-31,False,São João do Rio do Peixe,2500700,SERTAO PARAIBANO,CAJAZEIRAS,11,0
2020-05-31,False,São João do Tigre,2514107,BORBOREMA,CARIRI OCIDENTAL,1,0
2020-05-31,False,São José da Lagoa Tapada,2514206,SERTAO PARAIBANO,SOUSA,13,0
2020-05-31,False,São José de Caiana,2514305,SERTAO PARAIBANO,ITAPORANGA,10,0
2020-05-31,False,São José de Espinharas,2514404,SERTAO PARAIBANO,PATOS,3,0
2020-05-31,False,São José de Piranhas,2514503,SERTAO PARAIBANO,CAJAZEIRAS,5,1
2020-05-31,False,São José de Princesa,2514552,SERTAO PARAIBANO,SERRA DO TEIXEIRA,0,0
2020-05-31,False,São José do Bonfim,2514602,SERTAO PARAIBANO,PATOS,11,0
2020-05-31,False,São José do Brejo do Cruz,2514651,SERTAO PARAIBANO,CATOLE DO ROCHA,0,0
2020-05-31,False,São José do Sabugi,2514701,BORBOREMA,SERIDO OCIDENTAL PARAIBANO,61,0
2020-05-31,False,São José dos Cordeiros,2514800,BORBOREMA,CARIRI OCIDENTAL,3,0
2020-05-31,False,São José dos Ramos,2514453,MATA PARAIBANA,SAPE,10,0
2020-05-31,False,São Mamede,2514909,BORBOREMA,SERIDO OCIDENTAL PARAIBANO,13,0
2020-05-31,False,São Miguel de Taipu,2515005,MATA PARAIBANA,SAPE,23,1
2020-05-31,False,São Sebastião de Lagoa de Roça,2515104,AGRESTE PARAIBANO,ESPERANCA,4,2
2020-05-31,False,São Sebastião do Umbuzeiro,2515203,BORBOREMA,CARIRI OCIDENTAL,1,0
2020-05-31,False,São Vicente do Seridó,2515401,BORBOREMA,SERIDO ORIENTAL PARAIBANO,12,0
2020-05-31,False,Sapé,2515302,MATA PARAIBANA,SAPE,201,5
2020-05-31,False,Serra Branca,2515500,BORBOREMA,CARIRI OCIDENTAL,2,0
2020-05-31,False,Serra da Raiz,2515609,AGRESTE PARAIBANO,GUARABIRA,10,0
2020-05-31,False,Serra Grande,2515708,SERTAO PARAIBANO,ITAPORANGA,1,0
2020-05-31,False,Serra Redonda,2515807,AGRESTE PARAIBANO,CAMPINA GRANDE,36,0
2020-05-31,False,Serraria,2515906,AGRESTE PARAIBANO,BREJO PARAIBANO,11,2
2020-05-31,False,Sertãozinho,2515930,AGRESTE PARAIBANO,GUARABIRA,14,0
2020-05-31,False,Sobrado,2515971,MATA PARAIBANA,SAPE,21,1
2020-05-31,False,Solânea,2516003,AGRESTE PARAIBANO,CURIMATAU ORIENTAL,64,0
2020-05-31,False,Soledade,2516102,AGRESTE PARAIBANO,CURIMATAU OCIDENTAL,9,0
2020-05-31,False,Sossêgo,2516151,AGRESTE PARAIBANO,CURIMATAU OCIDENTAL,0,0
2020-05-31,False,Sousa,2516201,SERTAO PARAIBANO,SOUSA,186,1
2020-05-31,False,Sumé,2516300,BORBOREMA,CARIRI OCIDENTAL,20,0
2020-05-31,False,Tacima,2516409,AGRESTE PARAIBANO,CURIMATAU ORIENTAL,17,1
2020-05-31,False,Taperoá,2516508,BORBOREMA,CARIRI OCIDENTAL,33,1
2020-05-31,False,Tavares,2516607,SERTAO PARAIBANO,SERRA DO TEIXEIRA,6,0
2020-05-31,False,Teixeira,2516706,SERTAO PARAIBANO,SERRA DO TEIXEIRA,17,0
2020-05-31,False,Tenório,2516755,BORBOREMA,SERIDO ORIENTAL PARAIBANO,1,0
2020-05-31,False,Triunfo,2516805,SERTAO PARAIBANO,CAJAZEIRAS,0,0
2020-05-31,False,Uiraúna,2516904,SERTAO PARAIBANO,CAJAZEIRAS,4,1
2020-05-31,False,Umbuzeiro,2517001,AGRESTE PARAIBANO,UMBUZEIRO,16,1
2020-05-31,False,Várzea,2517100,BORBOREMA,SERIDO OCIDENTAL PARAIBANO,1,0
2020-05-31,False,Vieirópolis,2517209,SERTAO PARAIBANO,SOUSA,2,0
2020-05-31,False,Vista Serrana,2505501,SERTAO PARAIBANO,SOUSA,1,0
2020-05-31,False,Zabelê,2517407,BORBOREMA,CARIRI OCIDENTAL,0,0
2020-05-30,False,Água Branca,2500106,SERTAO PARAIBANO,SERRA DO TEIXEIRA,2,0
2020-05-30,False,Aguiar,2500205,SERTAO PARAIBANO,PIANCO,1,0
2020-05-30,False,Alagoa Grande,2500304,AGRESTE PARAIBANO,BREJO PARAIBANO,76,1
2020-05-30,False,Alagoa Nova,2500403,AGRESTE PARAIBANO,BREJO PARAIBANO,32,1
2020-05-30,False,Alagoinha,2500502,AGRESTE PARAIBANO,GUARABIRA,103,0
2020-05-30,False,Alcantil,2500536,BORBOREMA,CARIRI ORIENTAL,1,0
2020-05-30,False,Algodão de Jandaíra,2500577,AGRESTE PARAIBANO,CURIMATAU OCIDENTAL,0,0
2020-05-30,False,Alhandra,2500601,MATA PARAIBANA,LITORAL SUL,135,4
2020-05-30,False,Amparo,2500734,BORBOREMA,CARIRI OCIDENTAL,12,0
2020-05-30,False,Aparecida,2500775,SERTAO PARAIBANO,SOUSA,6,0
2020-05-30,False,Araçagi,2500809,AGRESTE PARAIBANO,GUARABIRA,27,0
2020-05-30,False,Arara,2500908,AGRESTE PARAIBANO,CURIMATAU OCIDENTAL,13,0
2020-05-30,False,Araruna,2501005,AGRESTE PARAIBANO,CURIMATAU ORIENTAL,2,0
2020-05-30,False,Areia,2501104,AGRESTE PARAIBANO,BREJO PARAIBANO,54,1
2020-05-30,False,Areia de Baraúnas,2501153,SERTAO PARAIBANO,PATOS,1,0
2020-05-30,False,Areial,2501203,AGRESTE PARAIBANO,ESPERANCA,9,0
2020-05-30,False,Aroeiras,2501302,AGRESTE PARAIBANO,UMBUZEIRO,23,0
2020-05-30,False,Assunção,2501351,BORBOREMA,CARIRI OCIDENTAL,6,0
2020-05-30,False,Baía da Traição,2501401,MATA PARAIBANA,LITORAL NORTE,44,1
2020-05-30,False,Bananeiras,2501500,AGRESTE PARAIBANO,BREJO PARAIBANO,22,0
2020-05-30,False,Baraúna,2501534,BORBOREMA,SERIDO ORIENTAL PARAIBANO,11,0
2020-05-30,False,Barra de Santana,2501575,BORBOREMA,CARIRI ORIENTAL,15,0
2020-05-30,False,Barra de Santa Rosa,2501609,AGRESTE PARAIBANO,CURIMATAU OCIDENTAL,5,0
2020-05-30,False,Barra de São Miguel,2501708,BORBOREMA,CARIRI ORIENTAL,2,1
2020-05-30,False,Bayeux,2501807,MATA PARAIBANA,JOAO PESSOA,304,19
2020-05-30,False,Belém,2501906,AGRESTE PARAIBANO,GUARABIRA,34,0
2020-05-30,False,Belém do Brejo do Cruz,2502003,SERTAO PARAIBANO,CATOLE DO ROCHA,1,0
2020-05-30,False,Bernardino Batista,2502052,SERTAO PARAIBANO,CAJAZEIRAS,0,0
2020-05-30,False,Boa Ventura,2502102,SERTAO PARAIBANO,ITAPORANGA,1,0
2020-05-30,False,Boa Vista,2502151,AGRESTE PARAIBANO,CAMPINA GRANDE,29,0
2020-05-30,False,Bom Jesus,2502201,SERTAO PARAIBANO,CAJAZEIRAS,1,0
2020-05-30,False,Bom Sucesso,2502300,SERTAO PARAIBANO,CATOLE DO ROCHA,0,0
2020-05-30,False,Bonito de Santa Fé,2502409,SERTAO PARAIBANO,CAJAZEIRAS,1,0
2020-05-30,False,Boqueirão,2502508,BORBOREMA,CARIRI ORIENTAL,17,1
2020-05-30,False,Borborema,2502706,AGRESTE PARAIBANO,BREJO PARAIBANO,1,0
2020-05-30,False,Brejo do Cruz,2502805,SERTAO PARAIBANO,CATOLE DO ROCHA,4,1
2020-05-30,False,Brejo dos Santos,2502904,SERTAO PARAIBANO,CATOLE DO ROCHA,0,0
2020-05-30,False,Caaporã,2503001,MATA PARAIBANA,LITORAL SUL,337,4
2020-05-30,False,Cabaceiras,2503100,BORBOREMA,CARIRI ORIENTAL,1,0
2020-05-30,False,Cabedelo,2503209,MATA PARAIBANA,JOAO PESSOA,731,8
2020-05-30,False,Cachoeira dos Índios,2503308,SERTAO PARAIBANO,CAJAZEIRAS,6,1
2020-05-30,False,Cacimba de Areia,2503407,SERTAO PARAIBANO,PATOS,1,0
2020-05-30,False,Cacimba de Dentro,2503506,AGRESTE PARAIBANO,CURIMATAU ORIENTAL,24,0
2020-05-30,False,Cacimbas,2503555,SERTAO PARAIBANO,SERRA DO TEIXEIRA,2,0
2020-05-30,False,Caiçara,2503605,AGRESTE PARAIBANO,GUARABIRA,23,1
2020-05-30,False,Cajazeiras,2503704,SERTAO PARAIBANO,CAJAZEIRAS,86,5
2020-05-30,False,Cajazeirinhas,2503753,SERTAO PARAIBANO,SOUSA,1,0
2020-05-30,False,Caldas Brandão,2503803,AGRESTE PARAIBANO,ITABAIANA,15,0
2020-05-30,False,Camalaú,2503902,BORBOREMA,CARIRI OCIDENTAL,0,0
2020-05-30,False,Campina Grande,2504009,AGRESTE PARAIBANO,CAMPINA GRANDE,1483,15
2020-05-30,False,Capim,2504033,MATA PARAIBANA,LITORAL NORTE,38,1
2020-05-30,False,Caraúbas,2504074,BORBOREMA,CARIRI ORIENTAL,0,0
2020-05-30,False,Carrapateira,2504108,SERTAO PARAIBANO,CAJAZEIRAS,1,0
2020-05-30,False,Casserengue,2504157,AGRESTE PARAIBANO,CURIMATAU ORIENTAL,8,0
2020-05-30,False,Catingueira,2504207,SERTAO PARAIBANO,PIANCO,4,0
2020-05-30,False,Catolé do Rocha,2504306,SERTAO PARAIBANO,CATOLE DO ROCHA,40,2
2020-05-30,False,Caturité,2504355,BORBOREMA,CARIRI ORIENTAL,11,0
2020-05-30,False,Conceição,2504405,SERTAO PARAIBANO,ITAPORANGA,3,0
2020-05-30,False,Condado,2504504,SERTAO PARAIBANO,SOUSA,38,0
2020-05-30,False,Conde,2504603,MATA PARAIBANA,JOAO PESSOA,95,2
2020-05-30,False,Congo,2504702,BORBOREMA,CARIRI OCIDENTAL,11,1
2020-05-30,False,Coremas,2504801,SERTAO PARAIBANO,PIANCO,15,0
2020-05-30,False,Coxixola,2504850,BORBOREMA,CARIRI OCIDENTAL,4,0
2020-05-30,False,Cruz do Espírito Santo,2504900,MATA PARAIBANA,SAPE,100,6
2020-05-30,False,Cubati,2505006,BORBOREMA,SERIDO ORIENTAL PARAIBANO,1,0
2020-05-30,False,Cuité,2505105,AGRESTE PARAIBANO,CURIMATAU OCIDENTAL,10,0
2020-05-30,False,Cuité de Mamanguape,2505238,MATA PARAIBANA,LITORAL NORTE,5,0
2020-05-30,False,Cuitegi,2505204,AGRESTE PARAIBANO,GUARABIRA,44,1
2020-05-30,False,Curral de Cima,2505279,MATA PARAIBANA,LITORAL NORTE,10,0
2020-05-30,False,Curral Velho,2505303,SERTAO PARAIBANO,ITAPORANGA,0,0
2020-05-30,False,Damião,2505352,AGRESTE PARAIBANO,CURIMATAU OCIDENTAL,1,0
2020-05-30,False,Desterro,2505402,SERTAO PARAIBANO,SERRA DO TEIXEIRA,6,0
2020-05-30,False,Diamante,2505600,SERTAO PARAIBANO,ITAPORANGA,0,0
2020-05-30,False,Dona Inês,2505709,AGRESTE PARAIBANO,CURIMATAU ORIENTAL,2,0
2020-05-30,False,Duas Estradas,2505808,AGRESTE PARAIBANO,GUARABIRA,17,0
2020-05-30,False,Emas,2505907,SERTAO PARAIBANO,PIANCO,1,0
2020-05-30,False,Esperança,2506004,AGRESTE PARAIBANO,ESPERANCA,55,0
2020-05-30,False,Fagundes,2506103,AGRESTE PARAIBANO,CAMPINA GRANDE,7,0
2020-05-30,False,Frei Martinho,2506202,BORBOREMA,SERIDO ORIENTAL PARAIBANO,0,0
2020-05-30,False,Gado Bravo,2506251,AGRESTE PARAIBANO,UMBUZEIRO,23,1
2020-05-30,False,Guarabira,2506301,AGRESTE PARAIBANO,GUARABIRA,557,3
2020-05-30,False,Gurinhém,2506400,AGRESTE PARAIBANO,ITABAIANA,31,0
2020-05-30,False,Gurjão,2506509,BORBOREMA,CARIRI ORIENTAL,10,1
2020-05-30,False,Ibiara,2506608,SERTAO PARAIBANO,ITAPORANGA,4,0
2020-05-30,False,Igaracy,2502607,SERTAO PARAIBANO,PIANCO,2,0
2020-05-30,False,Imaculada,2506707,SERTAO PARAIBANO,SERRA DO TEIXEIRA,9,0
2020-05-30,False,Ingá,2506806,AGRESTE PARAIBANO,ITABAIANA,58,0
2020-05-30,False,Itabaiana,2506905,AGRESTE PARAIBANO,ITABAIANA,182,2
2020-05-30,False,Itaporanga,2507002,SERTAO PARAIBANO,ITAPORANGA,3,1
2020-05-30,False,Itapororoca,2507101,MATA PARAIBANA,LITORAL NORTE,30,1
2020-05-30,False,Itatuba,2507200,AGRESTE PARAIBANO,ITABAIANA,47,1
2020-05-30,False,Jacaraú,2507309,MATA PARAIBANA,LITORAL NORTE,7,0
2020-05-30,False,Jericó,2507408,SERTAO PARAIBANO,CATOLE DO ROCHA,2,0
2020-05-30,False,João Pessoa,2507507,MATA PARAIBANA,JOAO PESSOA,3902,121
2020-05-30,False,Joca Claudino,2513653,SERTAO PARAIBANO,CAJAZEIRAS,1,0
2020-05-30,False,Juarez Távora,2507606,AGRESTE PARAIBANO,ITABAIANA,22,0
2020-05-30,False,Juazeirinho,2507705,BORBOREMA,SERIDO ORIENTAL PARAIBANO,51,0
2020-05-30,False,Junco do Seridó,2507804,BORBOREMA,SERIDO OCIDENTAL PARAIBANO,9,1
2020-05-30,False,Juripiranga,2507903,MATA PARAIBANA,SAPE,86,1
2020-05-30,False,Juru,2508000,SERTAO PARAIBANO,SERRA DO TEIXEIRA,4,0
2020-05-30,False,Lagoa,2508109,SERTAO PARAIBANO,CATOLE DO ROCHA,3,0
2020-05-30,False,Lagoa de Dentro,2508208,AGRESTE PARAIBANO,GUARABIRA,7,0
2020-05-30,False,Lagoa Seca,2508307,AGRESTE PARAIBANO,CAMPINA GRANDE,74,2
2020-05-30,False,Lastro,2508406,SERTAO PARAIBANO,SOUSA,1,0
2020-05-30,False,Livramento,2508505,BORBOREMA,CARIRI OCIDENTAL,0,0
2020-05-30,False,Logradouro,2508554,AGRESTE PARAIBANO,GUARABIRA,11,0
2020-05-30,False,Lucena,2508604,MATA PARAIBANA,JOAO PESSOA,54,1
2020-05-30,False,Mãe d'Água,2508703,SERTAO PARAIBANO,PATOS,2,0
2020-05-30,False,Malta,2508802,SERTAO PARAIBANO,SOUSA,11,0
2020-05-30,False,Mamanguape,2508901,MATA PARAIBANA,LITORAL NORTE,145,2
2020-05-30,False,Manaíra,2509008,SERTAO PARAIBANO,SERRA DO TEIXEIRA,2,0
2020-05-30,False,Marcação,2509057,MATA PARAIBANA,LITORAL NORTE,7,0
2020-05-30,False,Mari,2509107,MATA PARAIBANA,SAPE,106,3
2020-05-30,False,Marizópolis,2509156,SERTAO PARAIBANO,SOUSA,3,1
2020-05-30,False,Massaranduba,2509206,AGRESTE PARAIBANO,CAMPINA GRANDE,22,0
2020-05-30,False,Mataraca,2509305,MATA PARAIBANA,LITORAL NORTE,24,0
2020-05-30,False,Matinhas,2509339,AGRESTE PARAIBANO,BREJO PARAIBANO,14,0
2020-05-30,False,Mato Grosso,2509370,SERTAO PARAIBANO,CATOLE DO ROCHA,3,0
2020-05-30,False,Maturéia,2509396,SERTAO PARAIBANO,SERRA DO TEIXEIRA,10,0
2020-05-30,False,Mogeiro,2509404,AGRESTE PARAIBANO,ITABAIANA,4,1
2020-05-30,False,Montadas,2509503,AGRESTE PARAIBANO,ESPERANCA,6,0
2020-05-30,False,Monte Horebe,2509602,SERTAO PARAIBANO,CAJAZEIRAS,0,0
2020-05-30,False,Monteiro,2509701,BORBOREMA,CARIRI OCIDENTAL,22,0
2020-05-30,False,Mulungu,2509800,AGRESTE PARAIBANO,GUARABIRA,16,0
2020-05-30,False,Natuba,2509909,AGRESTE PARAIBANO,UMBUZEIRO,7,0
2020-05-30,False,Nazarezinho,2510006,SERTAO PARAIBANO,SOUSA,0,0
2020-05-30,False,Nova Floresta,2510105,AGRESTE PARAIBANO,CURIMATAU OCIDENTAL,1,0
2020-05-30,False,Nova Olinda,2510204,SERTAO PARAIBANO,PIANCO,2,0
2020-05-30,False,Nova Palmeira,2510303,BORBOREMA,SERIDO ORIENTAL PARAIBANO,2,0
2020-05-30,False,Olho d'Água,2510402,SERTAO PARAIBANO,PIANCO,9,0
2020-05-30,False,Olivedos,2510501,AGRESTE PARAIBANO,CURIMATAU OCIDENTAL,2,0
2020-05-30,False,Ouro Velho,2510600,BORBOREMA,CARIRI OCIDENTAL,1,0
2020-05-30,False,Parari,2510659,BORBOREMA,CARIRI OCIDENTAL,0,0
2020-05-30,False,Passagem,2510709,SERTAO PARAIBANO,PATOS,4,0
2020-05-30,False,Patos,2510808,SERTAO PARAIBANO,PATOS,555,22
2020-05-30,False,Paulista,2510907,SERTAO PARAIBANO,SOUSA,17,0
2020-05-30,False,Pedra Branca,2511004,SERTAO PARAIBANO,ITAPORANGA,0,0
2020-05-30,False,Pedra Lavrada,2511103,BORBOREMA,SERIDO ORIENTAL PARAIBANO,0,0
2020-05-30,False,Pedras de Fogo,2511202,MATA PARAIBANA,LITORAL SUL,245,4
2020-05-30,False,Pedro Régis,2512721,MATA PARAIBANA,LITORAL NORTE,1,0
2020-05-30,False,Piancó,2511301,SERTAO PARAIBANO,PIANCO,15,2
2020-05-30,False,Picuí,2511400,BORBOREMA,SERIDO ORIENTAL PARAIBANO,10,0
2020-05-30,False,Pilar,2511509,MATA PARAIBANA,SAPE,38,0
2020-05-30,False,Pilões,2511608,AGRESTE PARAIBANO,BREJO PARAIBANO,10,0
2020-05-30,False,Pilõezinhos,2511707,AGRESTE PARAIBANO,GUARABIRA,51,0
2020-05-30,False,Pirpirituba,2511806,AGRESTE PARAIBANO,GUARABIRA,18,0
2020-05-30,False,Pitimbu,2511905,MATA PARAIBANA,LITORAL SUL,67,3
2020-05-30,False,Pocinhos,2512002,AGRESTE PARAIBANO,CURIMATAU OCIDENTAL,6,0
2020-05-30,False,Poço Dantas,2512036,SERTAO PARAIBANO,CAJAZEIRAS,0,0
2020-05-30,False,Poço de José de Moura,2512077,SERTAO PARAIBANO,CAJAZEIRAS,0,0
2020-05-30,False,Pombal,2512101,SERTAO PARAIBANO,SOUSA,60,0
2020-05-30,False,Prata,2512200,BORBOREMA,CARIRI OCIDENTAL,0,0
2020-05-30,False,Princesa Isabel,2512309,SERTAO PARAIBANO,SERRA DO TEIXEIRA,8,0
2020-05-30,False,Puxinanã,2512408,AGRESTE PARAIBANO,CAMPINA GRANDE,29,0
2020-05-30,False,Queimadas,2512507,AGRESTE PARAIBANO,CAMPINA GRANDE,95,0
2020-05-30,False,Quixabá,2512606,SERTAO PARAIBANO,PATOS,4,0
2020-05-30,False,Remígio,2512705,AGRESTE PARAIBANO,CURIMATAU OCIDENTAL,42,1
2020-05-30,False,Riachão,2512747,AGRESTE PARAIBANO,CURIMATAU ORIENTAL,0,0
2020-05-30,False,Riachão do Bacamarte,2512754,AGRESTE PARAIBANO,ITABAIANA,77,0
2020-05-30,False,Riachão do Poço,2512762,MATA PARAIBANA,SAPE,1,1
2020-05-30,False,Riacho de Santo Antônio,2512788,BORBOREMA,CARIRI ORIENTAL,3,0
2020-05-30,False,Riacho dos Cavalos,2512804,SERTAO PARAIBANO,CATOLE DO ROCHA,2,0
2020-05-30,False,Rio Tinto,2512903,MATA PARAIBANA,LITORAL NORTE,55,1
2020-05-30,False,Salgadinho,2513000,BORBOREMA,SERIDO OCIDENTAL PARAIBANO,5,0
2020-05-30,False,Salgado de São Félix,2513109,AGRESTE PARAIBANO,ITABAIANA,25,0
2020-05-30,False,Santa Cecília,2513158,AGRESTE PARAIBANO,UMBUZEIRO,3,0
2020-05-30,False,Santa Cruz,2513208,SERTAO PARAIBANO,SOUSA,0,0
2020-05-30,False,Santa Helena,2513307,SERTAO PARAIBANO,CAJAZEIRAS,1,0
2020-05-30,False,Santa Inês,2513356,SERTAO PARAIBANO,ITAPORANGA,1,0
2020-05-30,False,Santa Luzia,2513406,BORBOREMA,SERIDO OCIDENTAL PARAIBANO,43,2
2020-05-30,False,Santa Rita,2513703,MATA PARAIBANA,JOAO PESSOA,569,60
2020-05-30,False,Santa Teresinha,2513802,SERTAO PARAIBANO,PATOS,13,0
2020-05-30,False,Santana de Mangueira,2513505,SERTAO PARAIBANO,ITAPORANGA,0,0
2020-05-30,False,Santana dos Garrotes,2513604,SERTAO PARAIBANO,PIANCO,1,0
2020-05-30,False,Santo André,2513851,BORBOREMA,CARIRI ORIENTAL,0,0
2020-05-30,False,São Bentinho,2513927,SERTAO PARAIBANO,SOUSA,9,0
2020-05-30,False,São Bento,2513901,SERTAO PARAIBANO,CATOLE DO ROCHA,117,4
2020-05-30,False,São Domingos de Pombal,2513968,SERTAO PARAIBANO,SOUSA,0,0
2020-05-30,False,São Domingos do Cariri,2513943,BORBOREMA,CARIRI ORIENTAL,0,0
2020-05-30,False,São Francisco,2513984,SERTAO PARAIBANO,SOUSA,2,0
2020-05-30,False,São João do Cariri,2514008,BORBOREMA,CARIRI ORIENTAL,1,0
2020-05-30,False,São João do Rio do Peixe,2500700,SERTAO PARAIBANO,CAJAZEIRAS,8,0
2020-05-30,False,São João do Tigre,2514107,BORBOREMA,CARIRI OCIDENTAL,1,0
2020-05-30,False,São José da Lagoa Tapada,2514206,SERTAO PARAIBANO,SOUSA,13,0
2020-05-30,False,São José de Caiana,2514305,SERTAO PARAIBANO,ITAPORANGA,10,0
2020-05-30,False,São José de Espinharas,2514404,SERTAO PARAIBANO,PATOS,3,0
2020-05-30,False,São José de Piranhas,2514503,SERTAO PARAIBANO,CAJAZEIRAS,5,1
2020-05-30,False,São José de Princesa,2514552,SERTAO PARAIBANO,SERRA DO TEIXEIRA,0,0
2020-05-30,False,São José do Bonfim,2514602,SERTAO PARAIBANO,PATOS,11,0
2020-05-30,False,São José do Brejo do Cruz,2514651,SERTAO PARAIBANO,CATOLE DO ROCHA,0,0
2020-05-30,False,São José do Sabugi,2514701,BORBOREMA,SERIDO OCIDENTAL PARAIBANO,61,0
2020-05-30,False,São José dos Cordeiros,2514800,BORBOREMA,CARIRI OCIDENTAL,3,0
2020-05-30,False,São José dos Ramos,2514453,MATA PARAIBANA,SAPE,10,0
2020-05-30,False,São Mamede,2514909,BORBOREMA,SERIDO OCIDENTAL PARAIBANO,12,0
2020-05-30,False,São Miguel de Taipu,2515005,MATA PARAIBANA,SAPE,17,1
2020-05-30,False,São Sebastião de Lagoa de Roça,2515104,AGRESTE PARAIBANO,ESPERANCA,4,2
2020-05-30,False,São Sebastião do Umbuzeiro,2515203,BORBOREMA,CARIRI OCIDENTAL,1,0
2020-05-30,False,São Vicente do Seridó,2515401,BORBOREMA,SERIDO ORIENTAL PARAIBANO,12,0
2020-05-30,False,Sapé,2515302,MATA PARAIBANA,SAPE,189,5
2020-05-30,False,Serra Branca,2515500,BORBOREMA,CARIRI OCIDENTAL,2,0
2020-05-30,False,Serra da Raiz,2515609,AGRESTE PARAIBANO,GUARABIRA,10,0
2020-05-30,False,Serra Grande,2515708,SERTAO PARAIBANO,ITAPORANGA,0,0
2020-05-30,False,Serra Redonda,2515807,AGRESTE PARAIBANO,CAMPINA GRANDE,36,0
2020-05-30,False,Serraria,2515906,AGRESTE PARAIBANO,BREJO PARAIBANO,11,2
2020-05-30,False,Sertãozinho,2515930,AGRESTE PARAIBANO,GUARABIRA,14,0
2020-05-30,False,Sobrado,2515971,MATA PARAIBANA,SAPE,21,1
2020-05-30,False,Solânea,2516003,AGRESTE PARAIBANO,CURIMATAU ORIENTAL,63,0
2020-05-30,False,Soledade,2516102,AGRESTE PARAIBANO,CURIMATAU OCIDENTAL,9,0
2020-05-30,False,Sossêgo,2516151,AGRESTE PARAIBANO,CURIMATAU OCIDENTAL,0,0
2020-05-30,False,Sousa,2516201,SERTAO PARAIBANO,SOUSA,176,1
2020-05-30,False,Sumé,2516300,BORBOREMA,CARIRI OCIDENTAL,20,0
2020-05-30,False,Tacima,2516409,AGRESTE PARAIBANO,CURIMATAU ORIENTAL,14,1
2020-05-30,False,Taperoá,2516508,BORBOREMA,CARIRI OCIDENTAL,32,1
2020-05-30,False,Tavares,2516607,SERTAO PARAIBANO,SERRA DO TEIXEIRA,6,0
2020-05-30,False,Teixeira,2516706,SERTAO PARAIBANO,SERRA DO TEIXEIRA,17,0
2020-05-30,False,Tenório,2516755,BORBOREMA,SERIDO ORIENTAL PARAIBANO,1,0
2020-05-30,False,Triunfo,2516805,SERTAO PARAIBANO,CAJAZEIRAS,0,0
2020-05-30,False,Uiraúna,2516904,SERTAO PARAIBANO,CAJAZEIRAS,4,1
2020-05-30,False,Umbuzeiro,2517001,AGRESTE PARAIBANO,UMBUZEIRO,16,1
2020-05-30,False,Várzea,2517100,BORBOREMA,SERIDO OCIDENTAL PARAIBANO,1,0
2020-05-30,False,Vieirópolis,2517209,SERTAO PARAIBANO,SOUSA,2,0
2020-05-30,False,Vista Serrana,2505501,SERTAO PARAIBANO,SOUSA,1,0
2020-05-30,False,Zabelê,2517407,BORBOREMA,CARIRI OCIDENTAL,0,0
2020-05-29,False,Água Branca,2500106,SERTAO PARAIBANO,SERRA DO TEIXEIRA,2,0
2020-05-29,False,Aguiar,2500205,SERTAO PARAIBANO,PIANCO,1,0
2020-05-29,False,Alagoa Grande,2500304,AGRESTE PARAIBANO,BREJO PARAIBANO,74,1
2020-05-29,False,Alagoa Nova,2500403,AGRESTE PARAIBANO,BREJO PARAIBANO,21,1
2020-05-29,False,Alagoinha,2500502,AGRESTE PARAIBANO,GUARABIRA,98,0
2020-05-29,False,Alcantil,2500536,BORBOREMA,CARIRI ORIENTAL,1,0
2020-05-29,False,Algodão de Jandaíra,2500577,AGRESTE PARAIBANO,CURIMATAU OCIDENTAL,0,0
2020-05-29,False,Alhandra,2500601,MATA PARAIBANA,LITORAL SUL,126,4
2020-05-29,False,Amparo,2500734,BORBOREMA,CARIRI OCIDENTAL,12,0
2020-05-29,False,Aparecida,2500775,SERTAO PARAIBANO,SOUSA,4,0
2020-05-29,False,Araçagi,2500809,AGRESTE PARAIBANO,GUARABIRA,27,0
2020-05-29,False,Arara,2500908,AGRESTE PARAIBANO,CURIMATAU OCIDENTAL,13,0
2020-05-29,False,Araruna,2501005,AGRESTE PARAIBANO,CURIMATAU ORIENTAL,2,0
2020-05-29,False,Areia,2501104,AGRESTE PARAIBANO,BREJO PARAIBANO,50,1
2020-05-29,False,Areia de Baraúnas,2501153,SERTAO PARAIBANO,PATOS,1,0
2020-05-29,False,Areial,2501203,AGRESTE PARAIBANO,ESPERANCA,8,0
2020-05-29,False,Aroeiras,2501302,AGRESTE PARAIBANO,UMBUZEIRO,22,0
2020-05-29,False,Assunção,2501351,BORBOREMA,CARIRI OCIDENTAL,5,0
2020-05-29,False,Baía da Traição,2501401,MATA PARAIBANA,LITORAL NORTE,42,1
2020-05-29,False,Bananeiras,2501500,AGRESTE PARAIBANO,BREJO PARAIBANO,17,0
2020-05-29,False,Baraúna,2501534,BORBOREMA,SERIDO ORIENTAL PARAIBANO,7,0
2020-05-29,False,Barra de Santana,2501575,BORBOREMA,CARIRI ORIENTAL,13,0
2020-05-29,False,Barra de Santa Rosa,2501609,AGRESTE PARAIBANO,CURIMATAU OCIDENTAL,4,0
2020-05-29,False,Barra de São Miguel,2501708,BORBOREMA,CARIRI ORIENTAL,2,1
2020-05-29,False,Bayeux,2501807,MATA PARAIBANA,JOAO PESSOA,291,19
2020-05-29,False,Belém,2501906,AGRESTE PARAIBANO,GUARABIRA,29,0
2020-05-29,False,Belém do Brejo do Cruz,2502003,SERTAO PARAIBANO,CATOLE DO ROCHA,1,0
2020-05-29,False,Bernardino Batista,2502052,SERTAO PARAIBANO,CAJAZEIRAS,0,0
2020-05-29,False,Boa Ventura,2502102,SERTAO PARAIBANO,ITAPORANGA,1,0
2020-05-29,False,Boa Vista,2502151,AGRESTE PARAIBANO,CAMPINA GRANDE,26,0
2020-05-29,False,Bom Jesus,2502201,SERTAO PARAIBANO,CAJAZEIRAS,1,0
2020-05-29,False,Bom Sucesso,2502300,SERTAO PARAIBANO,CATOLE DO ROCHA,0,0
2020-05-29,False,Bonito de Santa Fé,2502409,SERTAO PARAIBANO,CAJAZEIRAS,0,0
2020-05-29,False,Boqueirão,2502508,BORBOREMA,CARIRI ORIENTAL,13,1
2020-05-29,False,Borborema,2502706,AGRESTE PARAIBANO,BREJO PARAIBANO,1,0
2020-05-29,False,Brejo do Cruz,2502805,SERTAO PARAIBANO,CATOLE DO ROCHA,4,1
2020-05-29,False,Brejo dos Santos,2502904,SERTAO PARAIBANO,CATOLE DO ROCHA,0,0
2020-05-29,False,Caaporã,2503001,MATA PARAIBANA,LITORAL SUL,323,4
2020-05-29,False,Cabaceiras,2503100,BORBOREMA,CARIRI ORIENTAL,1,0
2020-05-29,False,Cabedelo,2503209,MATA PARAIBANA,JOAO PESSOA,691,7
2020-05-29,False,Cachoeira dos Índios,2503308,SERTAO PARAIBANO,CAJAZEIRAS,5,1
2020-05-29,False,Cacimba de Areia,2503407,SERTAO PARAIBANO,PATOS,1,0
2020-05-29,False,Cacimba de Dentro,2503506,AGRESTE PARAIBANO,CURIMATAU ORIENTAL,24,0
2020-05-29,False,Cacimbas,2503555,SERTAO PARAIBANO,SERRA DO TEIXEIRA,2,0
2020-05-29,False,Caiçara,2503605,AGRESTE PARAIBANO,GUARABIRA,22,1
2020-05-29,False,Cajazeiras,2503704,SERTAO PARAIBANO,CAJAZEIRAS,77,5
2020-05-29,False,Cajazeirinhas,2503753,SERTAO PARAIBANO,SOUSA,1,0
2020-05-29,False,Caldas Brandão,2503803,AGRESTE PARAIBANO,ITABAIANA,15,0
2020-05-29,False,Camalaú,2503902,BORBOREMA,CARIRI OCIDENTAL,0,0
2020-05-29,False,Campina Grande,2504009,AGRESTE PARAIBANO,CAMPINA GRANDE,1288,15
2020-05-29,False,Capim,2504033,MATA PARAIBANA,LITORAL NORTE,34,1
2020-05-29,False,Caraúbas,2504074,BORBOREMA,CARIRI ORIENTAL,0,0
2020-05-29,False,Carrapateira,2504108,SERTAO PARAIBANO,CAJAZEIRAS,1,0
2020-05-29,False,Casserengue,2504157,AGRESTE PARAIBANO,CURIMATAU ORIENTAL,7,0
2020-05-29,False,Catingueira,2504207,SERTAO PARAIBANO,PIANCO,3,0
2020-05-29,False,Catolé do Rocha,2504306,SERTAO PARAIBANO,CATOLE DO ROCHA,38,2
2020-05-29,False,Caturité,2504355,BORBOREMA,CARIRI ORIENTAL,11,0
2020-05-29,False,Conceição,2504405,SERTAO PARAIBANO,ITAPORANGA,4,0
2020-05-29,False,Condado,2504504,SERTAO PARAIBANO,SOUSA,38,0
2020-05-29,False,Conde,2504603,MATA PARAIBANA,JOAO PESSOA,90,2
2020-05-29,False,Congo,2504702,BORBOREMA,CARIRI OCIDENTAL,11,1
2020-05-29,False,Coremas,2504801,SERTAO PARAIBANO,PIANCO,15,0
2020-05-29,False,Coxixola,2504850,BORBOREMA,CARIRI OCIDENTAL,4,0
2020-05-29,False,Cruz do Espírito Santo,2504900,MATA PARAIBANA,SAPE,100,6
2020-05-29,False,Cubati,2505006,BORBOREMA,SERIDO ORIENTAL PARAIBANO,1,0
2020-05-29,False,Cuité,2505105,AGRESTE PARAIBANO,CURIMATAU OCIDENTAL,10,0
2020-05-29,False,Cuité de Mamanguape,2505238,MATA PARAIBANA,LITORAL NORTE,5,0
2020-05-29,False,Cuitegi,2505204,AGRESTE PARAIBANO,GUARABIRA,40,1
2020-05-29,False,Curral de Cima,2505279,MATA PARAIBANA,LITORAL NORTE,7,0
2020-05-29,False,Curral Velho,2505303,SERTAO PARAIBANO,ITAPORANGA,0,0
2020-05-29,False,Damião,2505352,AGRESTE PARAIBANO,CURIMATAU OCIDENTAL,1,0
2020-05-29,False,Desterro,2505402,SERTAO PARAIBANO,SERRA DO TEIXEIRA,6,0
2020-05-29,False,Diamante,2505600,SERTAO PARAIBANO,ITAPORANGA,0,0
2020-05-29,False,Dona Inês,2505709,AGRESTE PARAIBANO,CURIMATAU ORIENTAL,2,0
2020-05-29,False,Duas Estradas,2505808,AGRESTE PARAIBANO,GUARABIRA,17,0
2020-05-29,False,Emas,2505907,SERTAO PARAIBANO,PIANCO,1,0
2020-05-29,False,Esperança,2506004,AGRESTE PARAIBANO,ESPERANCA,55,0
2020-05-29,False,Fagundes,2506103,AGRESTE PARAIBANO,CAMPINA GRANDE,7,0
2020-05-29,False,Frei Martinho,2506202,BORBOREMA,SERIDO ORIENTAL PARAIBANO,0,0
2020-05-29,False,Gado Bravo,2506251,AGRESTE PARAIBANO,UMBUZEIRO,23,1
2020-05-29,False,Guarabira,2506301,AGRESTE PARAIBANO,GUARABIRA,545,3
2020-05-29,False,Gurinhém,2506400,AGRESTE PARAIBANO,ITABAIANA,31,0
2020-05-29,False,Gurjão,2506509,BORBOREMA,CARIRI ORIENTAL,3,0
2020-05-29,False,Ibiara,2506608,SERTAO PARAIBANO,ITAPORANGA,4,0
2020-05-29,False,Igaracy,2502607,SERTAO PARAIBANO,PIANCO,2,0
2020-05-29,False,Imaculada,2506707,SERTAO PARAIBANO,SERRA DO TEIXEIRA,9,0
2020-05-29,False,Ingá,2506806,AGRESTE PARAIBANO,ITABAIANA,39,0
2020-05-29,False,Itabaiana,2506905,AGRESTE PARAIBANO,ITABAIANA,175,2
2020-05-29,False,Itaporanga,2507002,SERTAO PARAIBANO,ITAPORANGA,3,1
2020-05-29,False,Itapororoca,2507101,MATA PARAIBANA,LITORAL NORTE,30,1
2020-05-29,False,Itatuba,2507200,AGRESTE PARAIBANO,ITABAIANA,43,1
2020-05-29,False,Jacaraú,2507309,MATA PARAIBANA,LITORAL NORTE,7,0
2020-05-29,False,Jericó,2507408,SERTAO PARAIBANO,CATOLE DO ROCHA,2,0
2020-05-29,False,João Pessoa,2507507,MATA PARAIBANA,JOAO PESSOA,3685,109
2020-05-29,False,Joca Claudino,2513653,SERTAO PARAIBANO,CAJAZEIRAS,1,0
2020-05-29,False,Juarez Távora,2507606,AGRESTE PARAIBANO,ITABAIANA,22,0
2020-05-29,False,Juazeirinho,2507705,BORBOREMA,SERIDO ORIENTAL PARAIBANO,46,0
2020-05-29,False,Junco do Seridó,2507804,BORBOREMA,SERIDO OCIDENTAL PARAIBANO,8,1
2020-05-29,False,Juripiranga,2507903,MATA PARAIBANA,SAPE,86,1
2020-05-29,False,Juru,2508000,SERTAO PARAIBANO,SERRA DO TEIXEIRA,4,0
2020-05-29,False,Lagoa,2508109,SERTAO PARAIBANO,CATOLE DO ROCHA,3,0
2020-05-29,False,Lagoa de Dentro,2508208,AGRESTE PARAIBANO,GUARABIRA,7,0
2020-05-29,False,Lagoa Seca,2508307,AGRESTE PARAIBANO,CAMPINA GRANDE,71,2
2020-05-29,False,Lastro,2508406,SERTAO PARAIBANO,SOUSA,1,0
2020-05-29,False,Livramento,2508505,BORBOREMA,CARIRI OCIDENTAL,1,0
2020-05-29,False,Logradouro,2508554,AGRESTE PARAIBANO,GUARABIRA,11,0
2020-05-29,False,Lucena,2508604,MATA PARAIBANA,JOAO PESSOA,54,1
2020-05-29,False,Mãe d'Água,2508703,SERTAO PARAIBANO,PATOS,2,0
2020-05-29,False,Malta,2508802,SERTAO PARAIBANO,SOUSA,11,0
2020-05-29,False,Mamanguape,2508901,MATA PARAIBANA,LITORAL NORTE,129,2
2020-05-29,False,Manaíra,2509008,SERTAO PARAIBANO,SERRA DO TEIXEIRA,2,0
2020-05-29,False,Marcação,2509057,MATA PARAIBANA,LITORAL NORTE,5,0
2020-05-29,False,Mari,2509107,MATA PARAIBANA,SAPE,97,3
2020-05-29,False,Marizópolis,2509156,SERTAO PARAIBANO,SOUSA,3,1
2020-05-29,False,Massaranduba,2509206,AGRESTE PARAIBANO,CAMPINA GRANDE,18,0
2020-05-29,False,Mataraca,2509305,MATA PARAIBANA,LITORAL NORTE,24,0
2020-05-29,False,Matinhas,2509339,AGRESTE PARAIBANO,BREJO PARAIBANO,12,0
2020-05-29,False,Mato Grosso,2509370,SERTAO PARAIBANO,CATOLE DO ROCHA,3,0
2020-05-29,False,Maturéia,2509396,SERTAO PARAIBANO,SERRA DO TEIXEIRA,10,0
2020-05-29,False,Mogeiro,2509404,AGRESTE PARAIBANO,ITABAIANA,4,1
2020-05-29,False,Montadas,2509503,AGRESTE PARAIBANO,ESPERANCA,4,0
2020-05-29,False,Monte Horebe,2509602,SERTAO PARAIBANO,CAJAZEIRAS,0,0
2020-05-29,False,Monteiro,2509701,BORBOREMA,CARIRI OCIDENTAL,22,0
2020-05-29,False,Mulungu,2509800,AGRESTE PARAIBANO,GUARABIRA,16,0
2020-05-29,False,Natuba,2509909,AGRESTE PARAIBANO,UMBUZEIRO,6,0
2020-05-29,False,Nazarezinho,2510006,SERTAO PARAIBANO,SOUSA,0,0
2020-05-29,False,Nova Floresta,2510105,AGRESTE PARAIBANO,CURIMATAU OCIDENTAL,1,0
2020-05-29,False,Nova Olinda,2510204,SERTAO PARAIBANO,PIANCO,2,0
2020-05-29,False,Nova Palmeira,2510303,BORBOREMA,SERIDO ORIENTAL PARAIBANO,0,0
2020-05-29,False,Olho d'Água,2510402,SERTAO PARAIBANO,PIANCO,9,0
2020-05-29,False,Olivedos,2510501,AGRESTE PARAIBANO,CURIMATAU OCIDENTAL,1,0
2020-05-29,False,Ouro Velho,2510600,BORBOREMA,CARIRI OCIDENTAL,1,0
2020-05-29,False,Parari,2510659,BORBOREMA,CARIRI OCIDENTAL,0,0
2020-05-29,False,Passagem,2510709,SERTAO PARAIBANO,PATOS,4,0
2020-05-29,False,Patos,2510808,SERTAO PARAIBANO,PATOS,527,21
2020-05-29,False,Paulista,2510907,SERTAO PARAIBANO,SOUSA,16,0
2020-05-29,False,Pedra Branca,2511004,SERTAO PARAIBANO,ITAPORANGA,0,0
2020-05-29,False,Pedra Lavrada,2511103,BORBOREMA,SERIDO ORIENTAL PARAIBANO,0,0
2020-05-29,False,Pedras de Fogo,2511202,MATA PARAIBANA,LITORAL SUL,241,4
2020-05-29,False,Pedro Régis,2512721,MATA PARAIBANA,LITORAL NORTE,1,0
2020-05-29,False,Piancó,2511301,SERTAO PARAIBANO,PIANCO,15,2
2020-05-29,False,Picuí,2511400,BORBOREMA,SERIDO ORIENTAL PARAIBANO,9,0
2020-05-29,False,Pilar,2511509,MATA PARAIBANA,SAPE,37,0
2020-05-29,False,Pilões,2511608,AGRESTE PARAIBANO,BREJO PARAIBANO,11,0
2020-05-29,False,Pilõezinhos,2511707,AGRESTE PARAIBANO,GUARABIRA,51,0
2020-05-29,False,Pirpirituba,2511806,AGRESTE PARAIBANO,GUARABIRA,16,0
2020-05-29,False,Pitimbu,2511905,MATA PARAIBANA,LITORAL SUL,68,3
2020-05-29,False,Pocinhos,2512002,AGRESTE PARAIBANO,CURIMATAU OCIDENTAL,6,0
2020-05-29,False,Poço Dantas,2512036,SERTAO PARAIBANO,CAJAZEIRAS,0,0
2020-05-29,False,Poço de José de Moura,2512077,SERTAO PARAIBANO,CAJAZEIRAS,0,0
2020-05-29,False,Pombal,2512101,SERTAO PARAIBANO,SOUSA,50,0
2020-05-29,False,Prata,2512200,BORBOREMA,CARIRI OCIDENTAL,0,0
2020-05-29,False,Princesa Isabel,2512309,SERTAO PARAIBANO,SERRA DO TEIXEIRA,8,0
2020-05-29,False,Puxinanã,2512408,AGRESTE PARAIBANO,CAMPINA GRANDE,27,0
2020-05-29,False,Queimadas,2512507,AGRESTE PARAIBANO,CAMPINA GRANDE,67,0
2020-05-29,False,Quixabá,2512606,SERTAO PARAIBANO,PATOS,4,0
2020-05-29,False,Remígio,2512705,AGRESTE PARAIBANO,CURIMATAU OCIDENTAL,40,1
2020-05-29,False,Riachão,2512747,AGRESTE PARAIBANO,CURIMATAU ORIENTAL,0,0
2020-05-29,False,Riachão do Bacamarte,2512754,AGRESTE PARAIBANO,ITABAIANA,64,0
2020-05-29,False,Riachão do Poço,2512762,MATA PARAIBANA,SAPE,1,1
2020-05-29,False,Riacho de Santo Antônio,2512788,BORBOREMA,CARIRI ORIENTAL,3,0
2020-05-29,False,Riacho dos Cavalos,2512804,SERTAO PARAIBANO,CATOLE DO ROCHA,2,0
2020-05-29,False,Rio Tinto,2512903,MATA PARAIBANA,LITORAL NORTE,51,1
2020-05-29,False,Salgadinho,2513000,BORBOREMA,SERIDO OCIDENTAL PARAIBANO,5,0
2020-05-29,False,Salgado de São Félix,2513109,AGRESTE PARAIBANO,ITABAIANA,24,0
2020-05-29,False,Santa Cecília,2513158,AGRESTE PARAIBANO,UMBUZEIRO,3,0
2020-05-29,False,Santa Cruz,2513208,SERTAO PARAIBANO,SOUSA,0,0
2020-05-29,False,Santa Helena,2513307,SERTAO PARAIBANO,CAJAZEIRAS,1,0
2020-05-29,False,Santa Inês,2513356,SERTAO PARAIBANO,ITAPORANGA,1,0
2020-05-29,False,Santa Luzia,2513406,BORBOREMA,SERIDO OCIDENTAL PARAIBANO,39,2
2020-05-29,False,Santa Rita,2513703,MATA PARAIBANA,JOAO PESSOA,553,56
2020-05-29,False,Santa Teresinha,2513802,SERTAO PARAIBANO,PATOS,13,0
2020-05-29,False,Santana de Mangueira,2513505,SERTAO PARAIBANO,ITAPORANGA,0,0
2020-05-29,False,Santana dos Garrotes,2513604,SERTAO PARAIBANO,PIANCO,1,0
2020-05-29,False,Santo André,2513851,BORBOREMA,CARIRI ORIENTAL,0,0
2020-05-29,False,São Bentinho,2513927,SERTAO PARAIBANO,SOUSA,9,0
2020-05-29,False,São Bento,2513901,SERTAO PARAIBANO,CATOLE DO ROCHA,94,4
2020-05-29,False,São Domingos de Pombal,2513968,SERTAO PARAIBANO,SOUSA,0,0
2020-05-29,False,São Domingos do Cariri,2513943,BORBOREMA,CARIRI ORIENTAL,0,0
2020-05-29,False,São Francisco,2513984,SERTAO PARAIBANO,SOUSA,2,0
2020-05-29,False,São João do Cariri,2514008,BORBOREMA,CARIRI ORIENTAL,1,0
2020-05-29,False,São João do Rio do Peixe,2500700,SERTAO PARAIBANO,CAJAZEIRAS,7,0
2020-05-29,False,São João do Tigre,2514107,BORBOREMA,CARIRI OCIDENTAL,1,0
2020-05-29,False,São José da Lagoa Tapada,2514206,SERTAO PARAIBANO,SOUSA,13,0
2020-05-29,False,São José de Caiana,2514305,SERTAO PARAIBANO,ITAPORANGA,10,0
2020-05-29,False,São José de Espinharas,2514404,SERTAO PARAIBANO,PATOS,3,0
2020-05-29,False,São José de Piranhas,2514503,SERTAO PARAIBANO,CAJAZEIRAS,5,1
2020-05-29,False,São José de Princesa,2514552,SERTAO PARAIBANO,SERRA DO TEIXEIRA,0,0
2020-05-29,False,São José do Bonfim,2514602,SERTAO PARAIBANO,PATOS,10,0
2020-05-29,False,São José do Brejo do Cruz,2514651,SERTAO PARAIBANO,CATOLE DO ROCHA,0,0
2020-05-29,False,São José do Sabugi,2514701,BORBOREMA,SERIDO OCIDENTAL PARAIBANO,61,0
2020-05-29,False,São José dos Cordeiros,2514800,BORBOREMA,CARIRI OCIDENTAL,3,0
2020-05-29,False,São José dos Ramos,2514453,MATA PARAIBANA,SAPE,9,0
2020-05-29,False,São Mamede,2514909,BORBOREMA,SERIDO OCIDENTAL PARAIBANO,12,0
2020-05-29,False,São Miguel de Taipu,2515005,MATA PARAIBANA,SAPE,17,1
2020-05-29,False,São Sebastião de Lagoa de Roça,2515104,AGRESTE PARAIBANO,ESPERANCA,4,2
2020-05-29,False,São Sebastião do Umbuzeiro,2515203,BORBOREMA,CARIRI OCIDENTAL,1,0
2020-05-29,False,São Vicente do Seridó,2515401,BORBOREMA,SERIDO ORIENTAL PARAIBANO,11,0
2020-05-29,False,Sapé,2515302,MATA PARAIBANA,SAPE,186,5
2020-05-29,False,Serra Branca,2515500,BORBOREMA,CARIRI OCIDENTAL,2,0
2020-05-29,False,Serra da Raiz,2515609,AGRESTE PARAIBANO,GUARABIRA,10,0
2020-05-29,False,Serra Grande,2515708,SERTAO PARAIBANO,ITAPORANGA,0,0
2020-05-29,False,Serra Redonda,2515807,AGRESTE PARAIBANO,CAMPINA GRANDE,29,0
2020-05-29,False,Serraria,2515906,AGRESTE PARAIBANO,BREJO PARAIBANO,10,2
2020-05-29,False,Sertãozinho,2515930,AGRESTE PARAIBANO,GUARABIRA,11,0
2020-05-29,False,Sobrado,2515971,MATA PARAIBANA,SAPE,18,1
2020-05-29,False,Solânea,2516003,AGRESTE PARAIBANO,CURIMATAU ORIENTAL,60,0
2020-05-29,False,Soledade,2516102,AGRESTE PARAIBANO,CURIMATAU OCIDENTAL,8,0
2020-05-29,False,Sossêgo,2516151,AGRESTE PARAIBANO,CURIMATAU OCIDENTAL,0,0
2020-05-29,False,Sousa,2516201,SERTAO PARAIBANO,SOUSA,163,1
2020-05-29,False,Sumé,2516300,BORBOREMA,CARIRI OCIDENTAL,13,0
2020-05-29,False,Tacima,2516409,AGRESTE PARAIBANO,CURIMATAU ORIENTAL,14,1
2020-05-29,False,Taperoá,2516508,BORBOREMA,CARIRI OCIDENTAL,34,1
2020-05-29,False,Tavares,2516607,SERTAO PARAIBANO,SERRA DO TEIXEIRA,6,0
2020-05-29,False,Teixeira,2516706,SERTAO PARAIBANO,SERRA DO TEIXEIRA,15,0
2020-05-29,False,Tenório,2516755,BORBOREMA,SERIDO ORIENTAL PARAIBANO,1,0
2020-05-29,False,Triunfo,2516805,SERTAO PARAIBANO,CAJAZEIRAS,0,0
2020-05-29,False,Uiraúna,2516904,SERTAO PARAIBANO,CAJAZEIRAS,4,1
2020-05-29,False,Umbuzeiro,2517001,AGRESTE PARAIBANO,UMBUZEIRO,16,1
2020-05-29,False,Várzea,2517100,BORBOREMA,SERIDO OCIDENTAL PARAIBANO,1,0
2020-05-29,False,Vieirópolis,2517209,SERTAO PARAIBANO,SOUSA,2,0
2020-05-29,False,Vista Serrana,2505501,SERTAO PARAIBANO,SOUSA,1,0
2020-05-29,False,Zabelê,2517407,BORBOREMA,CARIRI OCIDENTAL,0,0
2020-05-28,False,Água Branca,2500106,SERTAO PARAIBANO,SERRA DO TEIXEIRA,2,0
2020-05-28,False,Aguiar,2500205,SERTAO PARAIBANO,PIANCO,1,0
2020-05-28,False,Alagoa Grande,2500304,AGRESTE PARAIBANO,BREJO PARAIBANO,68,1
2020-05-28,False,Alagoa Nova,2500403,AGRESTE PARAIBANO,BREJO PARAIBANO,19,1
2020-05-28,False,Alagoinha,2500502,AGRESTE PARAIBANO,GUARABIRA,89,0
2020-05-28,False,Alcantil,2500536,BORBOREMA,CARIRI ORIENTAL,1,0
2020-05-28,False,Algodão de Jandaíra,2500577,AGRESTE PARAIBANO,CURIMATAU OCIDENTAL,0,0
2020-05-28,False,Alhandra,2500601,MATA PARAIBANA,LITORAL SUL,113,4
2020-05-28,False,Amparo,2500734,BORBOREMA,CARIRI OCIDENTAL,11,0
2020-05-28,False,Aparecida,2500775,SERTAO PARAIBANO,SOUSA,4,0
2020-05-28,False,Araçagi,2500809,AGRESTE PARAIBANO,GUARABIRA,24,0
2020-05-28,False,Arara,2500908,AGRESTE PARAIBANO,CURIMATAU OCIDENTAL,8,0
2020-05-28,False,Araruna,2501005,AGRESTE PARAIBANO,CURIMATAU ORIENTAL,2,0
2020-05-28,False,Areia,2501104,AGRESTE PARAIBANO,BREJO PARAIBANO,43,1
2020-05-28,False,Areia de Baraúnas,2501153,SERTAO PARAIBANO,PATOS,1,0
2020-05-28,False,Areial,2501203,AGRESTE PARAIBANO,ESPERANCA,8,0
2020-05-28,False,Aroeiras,2501302,AGRESTE PARAIBANO,UMBUZEIRO,20,0
2020-05-28,False,Assunção,2501351,BORBOREMA,CARIRI OCIDENTAL,3,0
2020-05-28,False,Baía da Traição,2501401,MATA PARAIBANA,LITORAL NORTE,42,1
2020-05-28,False,Bananeiras,2501500,AGRESTE PARAIBANO,BREJO PARAIBANO,16,0
2020-05-28,False,Baraúna,2501534,BORBOREMA,SERIDO ORIENTAL PARAIBANO,0,0
2020-05-28,False,Barra de Santana,2501575,BORBOREMA,CARIRI ORIENTAL,13,0
2020-05-28,False,Barra de Santa Rosa,2501609,AGRESTE PARAIBANO,CURIMATAU OCIDENTAL,3,0
2020-05-28,False,Barra de São Miguel,2501708,BORBOREMA,CARIRI ORIENTAL,2,1
2020-05-28,False,Bayeux,2501807,MATA PARAIBANA,JOAO PESSOA,263,19
2020-05-28,False,Belém,2501906,AGRESTE PARAIBANO,GUARABIRA,25,0
2020-05-28,False,Belém do Brejo do Cruz,2502003,SERTAO PARAIBANO,CATOLE DO ROCHA,1,0
2020-05-28,False,Bernardino Batista,2502052,SERTAO PARAIBANO,CAJAZEIRAS,0,0
2020-05-28,False,Boa Ventura,2502102,SERTAO PARAIBANO,ITAPORANGA,1,0
2020-05-28,False,Boa Vista,2502151,AGRESTE PARAIBANO,CAMPINA GRANDE,23,0
2020-05-28,False,Bom Jesus,2502201,SERTAO PARAIBANO,CAJAZEIRAS,1,0
2020-05-28,False,Bom Sucesso,2502300,SERTAO PARAIBANO,CATOLE DO ROCHA,0,0
2020-05-28,False,Bonito de Santa Fé,2502409,SERTAO PARAIBANO,CAJAZEIRAS,0,0
2020-05-28,False,Boqueirão,2502508,BORBOREMA,CARIRI ORIENTAL,12,1
2020-05-28,False,Borborema,2502706,AGRESTE PARAIBANO,BREJO PARAIBANO,1,0
2020-05-28,False,Brejo do Cruz,2502805,SERTAO PARAIBANO,CATOLE DO ROCHA,4,1
2020-05-28,False,Brejo dos Santos,2502904,SERTAO PARAIBANO,CATOLE DO ROCHA,0,0
2020-05-28,False,Caaporã,2503001,MATA PARAIBANA,LITORAL SUL,296,4
2020-05-28,False,Cabaceiras,2503100,BORBOREMA,CARIRI ORIENTAL,1,0
2020-05-28,False,Cabedelo,2503209,MATA PARAIBANA,JOAO PESSOA,644,7
2020-05-28,False,Cachoeira dos Índios,2503308,SERTAO PARAIBANO,CAJAZEIRAS,4,1
2020-05-28,False,Cacimba de Areia,2503407,SERTAO PARAIBANO,PATOS,0,0
2020-05-28,False,Cacimba de Dentro,2503506,AGRESTE PARAIBANO,CURIMATAU ORIENTAL,23,0
2020-05-28,False,Cacimbas,2503555,SERTAO PARAIBANO,SERRA DO TEIXEIRA,2,0
2020-05-28,False,Caiçara,2503605,AGRESTE PARAIBANO,GUARABIRA,21,1
2020-05-28,False,Cajazeiras,2503704,SERTAO PARAIBANO,CAJAZEIRAS,72,5
2020-05-28,False,Cajazeirinhas,2503753,SERTAO PARAIBANO,SOUSA,1,0
2020-05-28,False,Caldas Brandão,2503803,AGRESTE PARAIBANO,ITABAIANA,14,0
2020-05-28,False,Camalaú,2503902,BORBOREMA,CARIRI OCIDENTAL,0,0
2020-05-28,False,Campina Grande,2504009,AGRESTE PARAIBANO,CAMPINA GRANDE,1180,15
2020-05-28,False,Capim,2504033,MATA PARAIBANA,LITORAL NORTE,34,1
2020-05-28,False,Caraúbas,2504074,BORBOREMA,CARIRI ORIENTAL,0,0
2020-05-28,False,Carrapateira,2504108,SERTAO PARAIBANO,CAJAZEIRAS,1,0
2020-05-28,False,Casserengue,2504157,AGRESTE PARAIBANO,CURIMATAU ORIENTAL,7,0
2020-05-28,False,Catingueira,2504207,SERTAO PARAIBANO,PIANCO,3,0
2020-05-28,False,Catolé do Rocha,2504306,SERTAO PARAIBANO,CATOLE DO ROCHA,32,2
2020-05-28,False,Caturité,2504355,BORBOREMA,CARIRI ORIENTAL,11,0
2020-05-28,False,Conceição,2504405,SERTAO PARAIBANO,ITAPORANGA,4,0
2020-05-28,False,Condado,2504504,SERTAO PARAIBANO,SOUSA,37,0
2020-05-28,False,Conde,2504603,MATA PARAIBANA,JOAO PESSOA,79,2
2020-05-28,False,Congo,2504702,BORBOREMA,CARIRI OCIDENTAL,11,1
2020-05-28,False,Coremas,2504801,SERTAO PARAIBANO,PIANCO,13,0
2020-05-28,False,Coxixola,2504850,BORBOREMA,CARIRI OCIDENTAL,4,0
2020-05-28,False,Cruz do Espírito Santo,2504900,MATA PARAIBANA,SAPE,96,6
2020-05-28,False,Cubati,2505006,BORBOREMA,SERIDO ORIENTAL PARAIBANO,0,0
2020-05-28,False,Cuité,2505105,AGRESTE PARAIBANO,CURIMATAU OCIDENTAL,10,0
2020-05-28,False,Cuité de Mamanguape,2505238,MATA PARAIBANA,LITORAL NORTE,3,0
2020-05-28,False,Cuitegi,2505204,AGRESTE PARAIBANO,GUARABIRA,43,1
2020-05-28,False,Curral de Cima,2505279,MATA PARAIBANA,LITORAL NORTE,7,0
2020-05-28,False,Curral Velho,2505303,SERTAO PARAIBANO,ITAPORANGA,0,0
2020-05-28,False,Damião,2505352,AGRESTE PARAIBANO,CURIMATAU OCIDENTAL,1,0
2020-05-28,False,Desterro,2505402,SERTAO PARAIBANO,SERRA DO TEIXEIRA,4,0
2020-05-28,False,Diamante,2505600,SERTAO PARAIBANO,ITAPORANGA,0,0
2020-05-28,False,Dona Inês,2505709,AGRESTE PARAIBANO,CURIMATAU ORIENTAL,2,0
2020-05-28,False,Duas Estradas,2505808,AGRESTE PARAIBANO,GUARABIRA,15,0
2020-05-28,False,Emas,2505907,SERTAO PARAIBANO,PIANCO,1,0
2020-05-28,False,Esperança,2506004,AGRESTE PARAIBANO,ESPERANCA,50,0
2020-05-28,False,Fagundes,2506103,AGRESTE PARAIBANO,CAMPINA GRANDE,6,0
2020-05-28,False,Frei Martinho,2506202,BORBOREMA,SERIDO ORIENTAL PARAIBANO,0,0
2020-05-28,False,Gado Bravo,2506251,AGRESTE PARAIBANO,UMBUZEIRO,21,1
2020-05-28,False,Guarabira,2506301,AGRESTE PARAIBANO,GUARABIRA,493,3
2020-05-28,False,Gurinhém,2506400,AGRESTE PARAIBANO,ITABAIANA,31,0
2020-05-28,False,Gurjão,2506509,BORBOREMA,CARIRI ORIENTAL,3,0
2020-05-28,False,Ibiara,2506608,SERTAO PARAIBANO,ITAPORANGA,4,0
2020-05-28,False,Igaracy,2502607,SERTAO PARAIBANO,PIANCO,2,0
2020-05-28,False,Imaculada,2506707,SERTAO PARAIBANO,SERRA DO TEIXEIRA,5,0
2020-05-28,False,Ingá,2506806,AGRESTE PARAIBANO,ITABAIANA,32,0
2020-05-28,False,Itabaiana,2506905,AGRESTE PARAIBANO,ITABAIANA,143,2
2020-05-28,False,Itaporanga,2507002,SERTAO PARAIBANO,ITAPORANGA,3,1
2020-05-28,False,Itapororoca,2507101,MATA PARAIBANA,LITORAL NORTE,28,1
2020-05-28,False,Itatuba,2507200,AGRESTE PARAIBANO,ITABAIANA,43,1
2020-05-28,False,Jacaraú,2507309,MATA PARAIBANA,LITORAL NORTE,7,0
2020-05-28,False,Jericó,2507408,SERTAO PARAIBANO,CATOLE DO ROCHA,1,0
2020-05-28,False,João Pessoa,2507507,MATA PARAIBANA,JOAO PESSOA,3472,109
2020-05-28,False,Joca Claudino,2513653,SERTAO PARAIBANO,CAJAZEIRAS,1,0
2020-05-28,False,Juarez Távora,2507606,AGRESTE PARAIBANO,ITABAIANA,17,0
2020-05-28,False,Juazeirinho,2507705,BORBOREMA,SERIDO ORIENTAL PARAIBANO,46,0
2020-05-28,False,Junco do Seridó,2507804,BORBOREMA,SERIDO OCIDENTAL PARAIBANO,8,1
2020-05-28,False,Juripiranga,2507903,MATA PARAIBANA,SAPE,74,1
2020-05-28,False,Juru,2508000,SERTAO PARAIBANO,SERRA DO TEIXEIRA,4,0
2020-05-28,False,Lagoa,2508109,SERTAO PARAIBANO,CATOLE DO ROCHA,3,0
2020-05-28,False,Lagoa de Dentro,2508208,AGRESTE PARAIBANO,GUARABIRA,7,0
2020-05-28,False,Lagoa Seca,2508307,AGRESTE PARAIBANO,CAMPINA GRANDE,52,2
2020-05-28,False,Lastro,2508406,SERTAO PARAIBANO,SOUSA,1,0
2020-05-28,False,Livramento,2508505,BORBOREMA,CARIRI OCIDENTAL,1,0
2020-05-28,False,Logradouro,2508554,AGRESTE PARAIBANO,GUARABIRA,10,0
2020-05-28,False,Lucena,2508604,MATA PARAIBANA,JOAO PESSOA,54,1
2020-05-28,False,Mãe d'Água,2508703,SERTAO PARAIBANO,PATOS,2,0
2020-05-28,False,Malta,2508802,SERTAO PARAIBANO,SOUSA,9,0
2020-05-28,False,Mamanguape,2508901,MATA PARAIBANA,LITORAL NORTE,108,2
2020-05-28,False,Manaíra,2509008,SERTAO PARAIBANO,SERRA DO TEIXEIRA,2,0
2020-05-28,False,Marcação,2509057,MATA PARAIBANA,LITORAL NORTE,1,0
2020-05-28,False,Mari,2509107,MATA PARAIBANA,SAPE,91,3
2020-05-28,False,Marizópolis,2509156,SERTAO PARAIBANO,SOUSA,3,1
2020-05-28,False,Massaranduba,2509206,AGRESTE PARAIBANO,CAMPINA GRANDE,17,0
2020-05-28,False,Mataraca,2509305,MATA PARAIBANA,LITORAL NORTE,23,0
2020-05-28,False,Matinhas,2509339,AGRESTE PARAIBANO,BREJO PARAIBANO,11,0
2020-05-28,False,Mato Grosso,2509370,SERTAO PARAIBANO,CATOLE DO ROCHA,3,0
2020-05-28,False,Maturéia,2509396,SERTAO PARAIBANO,SERRA DO TEIXEIRA,10,0
2020-05-28,False,Mogeiro,2509404,AGRESTE PARAIBANO,ITABAIANA,3,1
2020-05-28,False,Montadas,2509503,AGRESTE PARAIBANO,ESPERANCA,4,0
2020-05-28,False,Monte Horebe,2509602,SERTAO PARAIBANO,CAJAZEIRAS,0,0
2020-05-28,False,Monteiro,2509701,BORBOREMA,CARIRI OCIDENTAL,19,0
2020-05-28,False,Mulungu,2509800,AGRESTE PARAIBANO,GUARABIRA,15,0
2020-05-28,False,Natuba,2509909,AGRESTE PARAIBANO,UMBUZEIRO,6,0
2020-05-28,False,Nazarezinho,2510006,SERTAO PARAIBANO,SOUSA,0,0
2020-05-28,False,Nova Floresta,2510105,AGRESTE PARAIBANO,CURIMATAU OCIDENTAL,1,0
2020-05-28,False,Nova Olinda,2510204,SERTAO PARAIBANO,PIANCO,2,0
2020-05-28,False,Nova Palmeira,2510303,BORBOREMA,SERIDO ORIENTAL PARAIBANO,0,0
2020-05-28,False,Olho d'Água,2510402,SERTAO PARAIBANO,PIANCO,7,0
2020-05-28,False,Olivedos,2510501,AGRESTE PARAIBANO,CURIMATAU OCIDENTAL,1,0
2020-05-28,False,Ouro Velho,2510600,BORBOREMA,CARIRI OCIDENTAL,1,0
2020-05-28,False,Parari,2510659,BORBOREMA,CARIRI OCIDENTAL,0,0
2020-05-28,False,Passagem,2510709,SERTAO PARAIBANO,PATOS,4,0
2020-05-28,False,Patos,2510808,SERTAO PARAIBANO,PATOS,478,21
2020-05-28,False,Paulista,2510907,SERTAO PARAIBANO,SOUSA,14,0
2020-05-28,False,Pedra Branca,2511004,SERTAO PARAIBANO,ITAPORANGA,0,0
2020-05-28,False,Pedra Lavrada,2511103,BORBOREMA,SERIDO ORIENTAL PARAIBANO,0,0
2020-05-28,False,Pedras de Fogo,2511202,MATA PARAIBANA,LITORAL SUL,189,4
2020-05-28,False,Pedro Régis,2512721,MATA PARAIBANA,LITORAL NORTE,1,0
2020-05-28,False,Piancó,2511301,SERTAO PARAIBANO,PIANCO,14,2
2020-05-28,False,Picuí,2511400,BORBOREMA,SERIDO ORIENTAL PARAIBANO,8,0
2020-05-28,False,Pilar,2511509,MATA PARAIBANA,SAPE,37,0
2020-05-28,False,Pilões,2511608,AGRESTE PARAIBANO,BREJO PARAIBANO,8,0
2020-05-28,False,Pilõezinhos,2511707,AGRESTE PARAIBANO,GUARABIRA,51,0
2020-05-28,False,Pirpirituba,2511806,AGRESTE PARAIBANO,GUARABIRA,16,0
2020-05-28,False,Pitimbu,2511905,MATA PARAIBANA,LITORAL SUL,68,3
2020-05-28,False,Pocinhos,2512002,AGRESTE PARAIBANO,CURIMATAU OCIDENTAL,6,0
2020-05-28,False,Poço Dantas,2512036,SERTAO PARAIBANO,CAJAZEIRAS,0,0
2020-05-28,False,Poço de José de Moura,2512077,SERTAO PARAIBANO,CAJAZEIRAS,0,0
2020-05-28,False,Pombal,2512101,SERTAO PARAIBANO,SOUSA,39,0
2020-05-28,False,Prata,2512200,BORBOREMA,CARIRI OCIDENTAL,0,0
2020-05-28,False,Princesa Isabel,2512309,SERTAO PARAIBANO,SERRA DO TEIXEIRA,7,0
2020-05-28,False,Puxinanã,2512408,AGRESTE PARAIBANO,CAMPINA GRANDE,24,0
2020-05-28,False,Queimadas,2512507,AGRESTE PARAIBANO,CAMPINA GRANDE,64,0
2020-05-28,False,Quixabá,2512606,SERTAO PARAIBANO,PATOS,4,0
2020-05-28,False,Remígio,2512705,AGRESTE PARAIBANO,CURIMATAU OCIDENTAL,39,1
2020-05-28,False,Riachão,2512747,AGRESTE PARAIBANO,CURIMATAU ORIENTAL,0,0
2020-05-28,False,Riachão do Bacamarte,2512754,AGRESTE PARAIBANO,ITABAIANA,64,0
2020-05-28,False,Riachão do Poço,2512762,MATA PARAIBANA,SAPE,1,1
2020-05-28,False,Riacho de Santo Antônio,2512788,BORBOREMA,CARIRI ORIENTAL,3,0
2020-05-28,False,Riacho dos Cavalos,2512804,SERTAO PARAIBANO,CATOLE DO ROCHA,2,0
2020-05-28,False,Rio Tinto,2512903,MATA PARAIBANA,LITORAL NORTE,43,1
2020-05-28,False,Salgadinho,2513000,BORBOREMA,SERIDO OCIDENTAL PARAIBANO,5,0
2020-05-28,False,Salgado de São Félix,2513109,AGRESTE PARAIBANO,ITABAIANA,25,0
2020-05-28,False,Santa Cecília,2513158,AGRESTE PARAIBANO,UMBUZEIRO,3,0
2020-05-28,False,Santa Cruz,2513208,SERTAO PARAIBANO,SOUSA,0,0
2020-05-28,False,Santa Helena,2513307,SERTAO PARAIBANO,CAJAZEIRAS,1,0
2020-05-28,False,Santa Inês,2513356,SERTAO PARAIBANO,ITAPORANGA,1,0
2020-05-28,False,Santa Luzia,2513406,BORBOREMA,SERIDO OCIDENTAL PARAIBANO,37,2
2020-05-28,False,Santa Rita,2513703,MATA PARAIBANA,JOAO PESSOA,581,56
2020-05-28,False,Santa Teresinha,2513802,SERTAO PARAIBANO,PATOS,12,0
2020-05-28,False,Santana de Mangueira,2513505,SERTAO PARAIBANO,ITAPORANGA,0,0
2020-05-28,False,Santana dos Garrotes,2513604,SERTAO PARAIBANO,PIANCO,1,0
2020-05-28,False,Santo André,2513851,BORBOREMA,CARIRI ORIENTAL,0,0
2020-05-28,False,São Bentinho,2513927,SERTAO PARAIBANO,SOUSA,9,0
2020-05-28,False,São Bento,2513901,SERTAO PARAIBANO,CATOLE DO ROCHA,88,4
2020-05-28,False,São Domingos de Pombal,2513968,SERTAO PARAIBANO,SOUSA,0,0
2020-05-28,False,São Domingos do Cariri,2513943,BORBOREMA,CARIRI ORIENTAL,0,0
2020-05-28,False,São Francisco,2513984,SERTAO PARAIBANO,SOUSA,2,0
2020-05-28,False,São João do Cariri,2514008,BORBOREMA,CARIRI ORIENTAL,1,0
2020-05-28,False,São João do Rio do Peixe,2500700,SERTAO PARAIBANO,CAJAZEIRAS,7,0
2020-05-28,False,São João do Tigre,2514107,BORBOREMA,CARIRI OCIDENTAL,1,0
2020-05-28,False,São José da Lagoa Tapada,2514206,SERTAO PARAIBANO,SOUSA,13,0
2020-05-28,False,São José de Caiana,2514305,SERTAO PARAIBANO,ITAPORANGA,10,0
2020-05-28,False,São José de Espinharas,2514404,SERTAO PARAIBANO,PATOS,3,0
2020-05-28,False,São José de Piranhas,2514503,SERTAO PARAIBANO,CAJAZEIRAS,4,1
2020-05-28,False,São José de Princesa,2514552,SERTAO PARAIBANO,SERRA DO TEIXEIRA,0,0
2020-05-28,False,São José do Bonfim,2514602,SERTAO PARAIBANO,PATOS,10,0
2020-05-28,False,São José do Brejo do Cruz,2514651,SERTAO PARAIBANO,CATOLE DO ROCHA,0,0
2020-05-28,False,São José do Sabugi,2514701,BORBOREMA,SERIDO OCIDENTAL PARAIBANO,53,0
2020-05-28,False,São José dos Cordeiros,2514800,BORBOREMA,CARIRI OCIDENTAL,3,0
2020-05-28,False,São José dos Ramos,2514453,MATA PARAIBANA,SAPE,9,0
2020-05-28,False,São Mamede,2514909,BORBOREMA,SERIDO OCIDENTAL PARAIBANO,12,0
2020-05-28,False,São Miguel de Taipu,2515005,MATA PARAIBANA,SAPE,17,1
2020-05-28,False,São Sebastião de Lagoa de Roça,2515104,AGRESTE PARAIBANO,ESPERANCA,4,2
2020-05-28,False,São Sebastião do Umbuzeiro,2515203,BORBOREMA,CARIRI OCIDENTAL,1,0
2020-05-28,False,São Vicente do Seridó,2515401,BORBOREMA,SERIDO ORIENTAL PARAIBANO,11,0
2020-05-28,False,Sapé,2515302,MATA PARAIBANA,SAPE,184,5
2020-05-28,False,Serra Branca,2515500,BORBOREMA,CARIRI OCIDENTAL,2,0
2020-05-28,False,Serra da Raiz,2515609,AGRESTE PARAIBANO,GUARABIRA,9,0
2020-05-28,False,Serra Grande,2515708,SERTAO PARAIBANO,ITAPORANGA,0,0
2020-05-28,False,Serra Redonda,2515807,AGRESTE PARAIBANO,CAMPINA GRANDE,26,0
2020-05-28,False,Serraria,2515906,AGRESTE PARAIBANO,BREJO PARAIBANO,10,2
2020-05-28,False,Sertãozinho,2515930,AGRESTE PARAIBANO,GUARABIRA,9,0
2020-05-28,False,Sobrado,2515971,MATA PARAIBANA,SAPE,17,1
2020-05-28,False,Solânea,2516003,AGRESTE PARAIBANO,CURIMATAU ORIENTAL,49,0
2020-05-28,False,Soledade,2516102,AGRESTE PARAIBANO,CURIMATAU OCIDENTAL,7,0
2020-05-28,False,Sossêgo,2516151,AGRESTE PARAIBANO,CURIMATAU OCIDENTAL,0,0
2020-05-28,False,Sousa,2516201,SERTAO PARAIBANO,SOUSA,152,1
2020-05-28,False,Sumé,2516300,BORBOREMA,CARIRI OCIDENTAL,10,0
2020-05-28,False,Tacima,2516409,AGRESTE PARAIBANO,CURIMATAU ORIENTAL,9,1
2020-05-28,False,Taperoá,2516508,BORBOREMA,CARIRI OCIDENTAL,34,1
2020-05-28,False,Tavares,2516607,SERTAO PARAIBANO,SERRA DO TEIXEIRA,6,0
2020-05-28,False,Teixeira,2516706,SERTAO PARAIBANO,SERRA DO TEIXEIRA,13,0
2020-05-28,False,Tenório,2516755,BORBOREMA,SERIDO ORIENTAL PARAIBANO,1,0
2020-05-28,False,Triunfo,2516805,SERTAO PARAIBANO,CAJAZEIRAS,0,0
2020-05-28,False,Uiraúna,2516904,SERTAO PARAIBANO,CAJAZEIRAS,4,1
2020-05-28,False,Umbuzeiro,2517001,AGRESTE PARAIBANO,UMBUZEIRO,16,1
2020-05-28,False,Várzea,2517100,BORBOREMA,SERIDO OCIDENTAL PARAIBANO,1,0
2020-05-28,False,Vieirópolis,2517209,SERTAO PARAIBANO,SOUSA,2,0
2020-05-28,False,Vista Serrana,2505501,SERTAO PARAIBANO,SOUSA,1,0
2020-05-28,False,Zabelê,2517407,BORBOREMA,CARIRI OCIDENTAL,0,0